UTC time, Altitude (m MSL), Altitude (m AGL), Pressure (Pascal), Speed (m/s), Heading (degrees), Temperature (C), Relative humidity (%), Internal temperature (C), Latitude, Longitude, Rise speed (m/s)
16:09:22, 210, 1, 98802, 0.55, 193.10, 28.25, 36.00, 33.00, 41.465158, 1.936343, 0
16:09:23, 212, 3, 98775, 1.30, 226.50, 28.12, 35.90,  ,  ,  , 0.2
16:09:24, 214, 5, 98748, 2.00, 313.10, 27.94, 35.75,  ,  ,  , 0.4
16:09:25, 217, 8, 98722, 2.10, 258.60, 27.79, 35.45,  , 41.465172, 1.936332, 0.6
16:09:26, 218, 9, 98703, 2.35, 70.90, 27.57, 35.35,  ,  ,  , 0.8
16:09:27, 220, 11, 98685, 1.40, 338.20, 27.42, 35.50,  ,  ,  , 0.9
16:09:28, 222, 13, 98668, 4.30, 339.90, 27.23, 35.60,  , 41.465225, 1.936322, 1.0
16:09:29, 224, 15, 98645, 1.65, 310.40, 27.08, 35.80,  ,  ,  , 1.1
16:09:30, 226, 17, 98622, 2.00, 304.40, 26.97, 36.00,  ,  ,  , 1.2
16:09:31, 228, 19, 98600, 3.85, 306.20, 26.87, 36.20,  , 41.465257, 1.936235, 1.4
16:09:33, 232, 23, 98551, 3.80, 281.40, 26.72, 36.60,  ,  ,  , 1.9
16:09:34, 234, 25, 98528, 4.35, 297.40, 26.68, 36.85,  , 41.465293, 1.936097, 2.1
16:09:35, 237, 28, 98496, 4.85, 300.90, 26.68, 37.10,  ,  ,  , 2.1
16:09:36, 240, 31, 98464, 4.75, 309.30, 26.69, 37.40,  ,  ,  , 2.2
16:09:37, 243, 34, 98432, 5.55, 304.80, 26.67, 37.55,  , 41.465372, 1.935955, 2.2
16:09:38, 247, 38, 98385, 4.15, 298.70, 26.64, 37.60,  ,  ,  , 2.4
16:09:39, 251, 42, 98340, 5.60, 281.30, 26.63, 37.70,  ,  ,  , 2.6
16:09:40, 255, 46, 98296, 5.50, 291.20, 26.63, 37.85,  , 41.465418, 1.935795, 2.8
16:09:41, 259, 50, 98258, 5.50, 291.20, 26.62, 37.95,  ,  ,  , 2.8
16:09:42, 262, 53, 98220, 6.60, 292.10, 26.59, 38.05,  ,  ,  , 2.9
16:09:43, 265, 56, 98182, 4.90, 306.60, 26.58, 38.20,  , 41.465488, 1.935632, 3.1
16:09:44, 268, 59, 98155, 5.50, 294.50, 26.54, 38.25,  ,  ,  , 3.1
16:09:45, 270, 61, 98130, 6.00, 283.10, 26.49, 38.25,  ,  ,  , 3.2
16:09:46, 272, 63, 98106, 4.85, 305.00, 26.45, 38.30,  , 41.465550, 1.935448, 3.2
16:09:47, 275, 66, 98078, 7.25, 294.60, 26.39, 38.10,  ,  ,  , 3.1
16:09:48, 277, 68, 98050, 5.75, 279.10, 26.31, 37.85,  ,  ,  , 3.1
16:09:49, 280, 71, 98022, 7.15, 311.70, 26.22, 37.60, 33.50, 41.465635, 1.935248, 3.1
16:09:50, 283, 74, 97982, 5.50, 315.20, 26.16, 37.50,  ,  ,  , 3.1
16:09:51, 287, 78, 97942, 8.45, 314.30, 26.08, 37.50,  ,  ,  , 3.1
16:09:52, 291, 82, 97902, 7.10, 287.80, 26.02, 37.65,  , 41.465725, 1.935038, 3.0
16:09:53, 294, 85, 97869, 6.00, 274.50, 25.99, 37.90,  ,  ,  , 2.9
16:09:54, 297, 88, 97836, 6.40, 291.30, 25.96, 38.20,  ,  ,  , 2.9
16:09:55, 300, 91, 97804, 6.40, 289.90, 25.97, 38.35,  , 41.465762, 1.934822, 2.8
16:09:56, 302, 93, 97773, 6.05, 276.80, 25.94, 38.65,  ,  ,  , 2.8
16:09:57, 305, 96, 97743, 9.55, 273.20, 25.93, 38.80,  ,  ,  , 2.9
16:09:58, 308, 99, 97714, 8.45, 284.90, 25.93, 38.90,  , 41.465790, 1.934530, 2.9
16:10:00, 313, 104, 97650, 8.05, 279.80, 25.89, 38.90,  ,  ,  , 3.0
16:10:01, 316, 107, 97618, 8.05, 289.90, 25.91, 39.00,  , 41.465840, 1.934247, 3.0
16:10:03, 324, 115, 97534,  ,  , 25.86, 38.95,  ,  ,  , 3.1
16:10:04, 328, 119, 97492,  ,  , 25.85, 39.00,  ,  ,  , 3.1
16:10:06, 334, 125, 97418, 7.15, 291.70, 25.76, 38.85,  ,  ,  , 3.1
16:10:07, 338, 129, 97382, 7.30, 283.20, 25.72, 38.70,  , 41.465940, 1.933715, 3.2
16:10:09, 343, 134, 97320, 7.25, 280.60, 25.57, 38.15,  ,  ,  , 3.2
16:10:10, 346, 137, 97290, 8.90, 286.40, 25.57, 38.00,  , 41.465987, 1.933423, 3.2
16:10:12, 352, 143, 97220, 8.05, 292.90, 25.50, 37.80,  ,  ,  , 3.2
16:10:13, 356, 147, 97186, 10.20, 284.50, 25.43, 37.95,  , 41.466053, 1.933123, 3.2
16:10:15, 360, 151, 97133, 7.85, 278.50, 25.35, 38.20,  ,  ,  , 3.0
16:10:16, 363, 154, 97108, 9.75, 285.00, 25.29, 38.30, 33.75, 41.466112, 1.932840, 2.9
16:10:18, 367, 158, 97064, 8.45, 294.20, 25.24, 38.30,  ,  ,  , 2.7
16:10:19, 369, 160, 97042, 6.35, 288.70, 25.23, 38.25,  , 41.466178, 1.932590, 2.6
16:10:21, 371, 162, 97020, 8.25, 295.80, 25.12, 37.70,  ,  ,  , 2.3
16:10:22, 372, 163, 97010, 6.55, 285.80, 25.06, 37.40,  , 41.466253, 1.932327, 2.1
16:10:23, 372, 163, 97003, 9.35, 290.70, 24.99, 37.10,  ,  ,  , 2.0
16:10:24, 373, 164, 96996, 7.65, 298.20, 24.93, 36.90,  ,  ,  , 1.9
16:10:25, 373, 164, 96990, 7.85, 285.00, 24.86, 36.85,  , 41.466318, 1.932048, 1.6
16:10:26, 374, 165, 96981, 8.00, 279.80, 24.83, 36.90,  ,  ,  , 1.4
16:10:27, 375, 166, 96973, 8.45, 290.70, 24.80, 37.00,  ,  ,  , 1.4
16:10:28, 375, 166, 96966, 6.75, 281.80, 24.79, 37.15,  , 41.466372, 1.931782, 1.2
16:10:29, 377, 168, 96952, 7.45, 287.50, 24.75, 37.25,  ,  ,  , 1.1
16:10:30, 378, 169, 96939, 8.25, 279.30, 24.74, 37.35,  ,  ,  , 0.9
16:10:31, 379, 170, 96926, 6.45, 287.20, 24.74, 37.40,  , 41.466422, 1.931515, 0.9
16:10:32, 380, 171, 96911, 8.80, 282.70, 24.69, 37.45,  ,  ,  , 0.9
16:10:33, 382, 173, 96897, 7.40, 280.40, 24.62, 37.50,  ,  ,  , 0.9
16:10:34, 383, 174, 96884, 7.10, 294.90, 24.57, 37.55,  , 41.466470, 1.931260, 1.0
16:10:35, 385, 176, 96865, 7.10, 277.00, 24.53, 37.60,  ,  ,  , 1.0
16:10:36, 386, 177, 96845, 8.85, 287.20, 24.47, 37.65,  ,  ,  , 1.1
16:10:37, 388, 179, 96826, 7.20, 280.00, 24.45, 37.70,  , 41.466522, 1.930985, 1.2
16:10:38, 390, 181, 96811, 8.50, 290.00, 24.40, 37.70,  ,  ,  , 1.2
16:10:39, 391, 182, 96796, 8.15, 279.70, 24.38, 37.65,  ,  ,  , 1.3
16:10:40, 392, 183, 96782, 7.20, 285.50, 24.36, 37.65,  , 41.466580, 1.930712, 1.3
16:10:42, 395, 186, 96754, 6.85, 281.60, 24.34, 37.60,  ,  ,  , 1.4
16:10:43, 396, 187, 96740, 9.10, 285.10, 24.33, 37.60, 34.00, 41.466637, 1.930437, 1.4
16:10:44, 398, 189, 96721, 9.10, 285.10, 24.33, 37.65,  ,  ,  , 1.4
16:10:45, 399, 190, 96703, 6.55, 285.60, 24.34, 37.65,  ,  ,  , 1.5
16:10:46, 401, 192, 96686, 6.90, 285.40, 24.34, 37.65,  , 41.466683, 1.930200, 1.5
16:10:47, 403, 194, 96664,  ,  , 24.33, 37.65,  ,  ,  , 1.5
16:10:48, 405, 196, 96643,  ,  , 24.27, 37.60,  ,  ,  , 1.5
16:10:49, 407, 198, 96622,  ,  , 24.24, 37.60,  ,  ,  , 1.5
16:10:50, 408, 199, 96603, 8.85, 281.20, 24.22, 37.65,  ,  ,  , 1.6
16:10:51, 410, 201, 96584, 5.55, 283.20, 24.18, 37.65,  ,  ,  , 1.6
16:10:52, 412, 203, 96566, 6.90, 282.60, 24.17, 37.75,  , 41.466775, 1.929700, 1.6
16:10:53, 413, 204, 96548, 7.50, 286.20, 24.17, 37.90,  ,  ,  , 1.6
16:10:54, 415, 206, 96530, 7.50, 286.20, 24.15, 37.95,  ,  ,  , 1.7
16:10:55, 417, 208, 96512, 7.90, 287.00, 24.13, 37.95,  , 41.466807, 1.929450, 1.7
16:10:56, 419, 210, 96491, 6.80, 273.30, 24.11, 38.00,  ,  ,  , 1.7
16:10:57, 420, 211, 96471, 7.05, 279.60, 24.10, 38.15,  ,  ,  , 1.8
16:10:58, 422, 213, 96452, 6.05, 282.70, 24.10, 38.20,  , 41.466838, 1.929208, 1.8
16:10:59, 424, 215, 96434, 8.05, 280.40, 24.10, 38.40,  ,  ,  , 1.8
16:11:00, 425, 216, 96416, 6.75, 297.30, 24.13, 38.65,  ,  ,  , 1.7
16:11:01, 427, 218, 96398, 5.85, 274.80, 24.17, 38.80,  , 41.466887, 1.928975, 1.7
16:11:04, 432, 223, 96346, 6.95, 276.20, 24.15, 39.00,  , 41.466917, 1.928737, 1.7
16:11:05, 433, 224, 96332,  ,  , 24.17, 39.10,  ,  ,  , 1.6
16:11:06, 434, 225, 96319,  ,  , 24.17, 39.15,  ,  ,  , 1.6
16:11:07, 436, 227, 96306,  ,  , 24.18, 39.25,  ,  ,  , 1.6
16:11:08, 436, 227, 96296, 8.55, 286.00, 24.18, 39.25,  ,  ,  , 1.5
16:11:09, 437, 228, 96287, 8.25, 304.60, 24.18, 39.20,  ,  ,  , 1.4
16:11:10, 438, 229, 96278, 7.45, 298.60, 24.18, 39.15, 34.00, 41.467053, 1.928197, 1.4
16:11:11, 439, 230, 96262, 8.00, 296.40, 24.18, 39.10,  ,  ,  , 1.3
16:11:12, 441, 232, 96248, 5.85, 305.40, 24.16, 39.00,  ,  ,  , 1.3
16:11:13, 442, 233, 96234, 8.80, 289.50, 24.13, 38.95,  , 41.467142, 1.927952, 1.2
16:11:14, 444, 235, 96214, 8.60, 294.80, 24.12, 38.90,  ,  ,  , 1.3
16:11:15, 446, 237, 96195, 7.10, 300.30, 24.11, 38.90,  ,  ,  , 1.3
16:11:16, 447, 238, 96176, 6.35, 296.60, 24.10, 38.85,  , 41.467225, 1.927722, 1.3
16:11:17, 450, 241, 96152, 7.60, 284.70, 24.09, 38.85,  ,  ,  , 1.4
16:11:18, 452, 243, 96129, 7.45, 281.90, 24.08, 38.90,  ,  ,  , 1.4
16:11:19, 454, 245, 96106, 6.50, 290.00, 24.08, 38.90,  , 41.467277, 1.927467, 1.5
16:11:20, 455, 246, 96094, 8.90, 283.90, 24.08, 38.90,  ,  ,  , 1.5
16:11:21, 456, 247, 96083, 6.65, 287.80, 24.08, 38.85,  ,  ,  , 1.5
16:11:22, 457, 248, 96072, 8.15, 286.60, 24.07, 38.80,  , 41.467333, 1.927203, 1.6
16:11:23, 458, 249, 96054, 7.00, 282.90, 24.05, 38.60,  ,  ,  , 1.6
16:11:24, 460, 251, 96036, 7.10, 287.70, 24.03, 38.50,  ,  ,  , 1.6
16:11:25, 462, 253, 96018, 6.80, 279.00, 24.01, 38.45,  , 41.467385, 1.926962, 1.6
16:11:26, 464, 255, 95997, 7.20, 291.60, 23.96, 38.45,  ,  ,  , 1.7
16:11:27, 466, 257, 95976, 5.90, 273.60, 23.93, 38.40,  ,  ,  , 1.7
16:11:28, 467, 258, 95956, 8.40, 282.50, 23.91, 38.40,  , 41.467423, 1.926720, 1.7
16:11:29, 470, 261, 95932, 6.00, 280.40, 23.90, 38.30,  ,  ,  , 1.7
16:11:30, 472, 263, 95910, 7.70, 278.70, 23.88, 38.25,  ,  ,  , 1.7
16:11:31, 474, 265, 95888, 7.70, 286.70, 23.87, 38.10,  , 41.467463, 1.926465, 1.7
16:11:33, 478, 269, 95842, 8.25, 293.90, 23.86, 37.90,  ,  ,  , 1.8
16:11:34, 480, 271, 95820, 5.95, 279.10, 23.86, 37.85,  , 41.467517, 1.926228, 1.9
16:11:35, 482, 273, 95793, 6.55, 289.00, 23.83, 37.80,  ,  ,  , 2.0
16:11:36, 485, 276, 95769, 6.00, 289.20, 23.81, 37.70,  ,  ,  , 2.0
16:11:37, 487, 278, 95746, 5.55, 276.00, 23.79, 37.65, 34.00, 41.467565, 1.926030, 2.0
16:11:38, 489, 280, 95721, 6.20, 301.60, 23.79, 37.65,  ,  ,  , 2.1
16:11:39, 491, 282, 95699, 6.00, 274.50, 23.79, 37.60,  ,  ,  , 2.1
16:11:40, 493, 284, 95678, 6.10, 283.80, 23.77, 37.55,  , 41.467605, 1.925827, 2.1
16:11:41, 496, 287, 95647, 5.35, 287.70, 23.78, 37.50,  ,  ,  , 2.2
16:11:42, 500, 291, 95604, 6.85, 279.50, 23.86, 37.85,  ,  ,  , 2.3
16:11:43, 504, 295, 95562, 5.85, 271.90, 23.94, 38.25,  , 41.467615, 1.925623, 2.5
16:11:44, 508, 299, 95517, 4.30, 241.60, 24.07, 38.55,  ,  ,  , 2.6
16:11:45, 512, 303, 95472, 3.80, 262.40, 24.22, 38.90,  ,  ,  , 2.8
16:11:46, 516, 307, 95428, 4.05, 285.80, 24.36, 39.10,  , 41.467618, 1.925483, 3.0
16:11:47, 520, 311, 95381, 5.10, 278.10, 24.45, 39.15,  ,  ,  , 3.1
16:11:48, 524, 315, 95339, 3.15, 274.30, 24.56, 39.05,  ,  ,  , 3.2
16:11:49, 528, 319, 95298, 4.30, 306.10, 24.66, 39.00,  , 41.467642, 1.925348, 3.3
16:11:50, 532, 323, 95258, 4.75, 261.10, 24.69, 38.90,  ,  ,  , 3.5
16:11:51, 536, 327, 95214, 4.95, 280.20, 24.68, 38.55,  ,  ,  , 3.7
16:11:52, 540, 331, 95170, 2.70, 282.20, 24.63, 38.40,  , 41.467652, 1.925198, 3.8
16:11:53, 543, 334, 95129, 4.90, 276.60, 24.62, 38.30,  ,  ,  , 4.0
16:11:54, 547, 338, 95088, 3.60, 304.60, 24.53, 38.20,  ,  ,  , 4.0
16:11:55, 551, 342, 95048, 5.95, 285.60, 24.41, 37.70,  , 41.467698, 1.925042, 4.0
16:11:56, 555, 346, 95002, 5.00, 300.80, 24.33, 37.20,  ,  ,  , 4.0
16:11:57, 559, 350, 94958, 5.15, 296.00, 24.18, 36.90,  ,  ,  , 4.0
16:11:58, 563, 354, 94914, 6.50, 288.30, 24.05, 36.75,  , 41.467755, 1.924863, 4.0
16:11:59, 567, 358, 94875, 4.05, 286.70, 23.93, 36.70,  ,  ,  , 3.9
16:12:00, 570, 361, 94836, 6.10, 281.10, 23.80, 36.65,  ,  ,  , 3.9
16:12:01, 574, 365, 94798, 4.80, 287.50, 23.69, 36.70,  , 41.467797, 1.924683, 3.9
16:12:04, 584, 375, 94694, 4.55, 312.10, 23.35, 37.20, 33.75, 41.467860, 1.924518, 3.7
16:12:05, 588, 379, 94651, 6.15, 289.40, 23.28, 37.40,  ,  ,  , 3.6
16:12:06, 591, 382, 94618, 4.10, 308.20, 23.21, 37.55,  ,  ,  , 3.5
16:12:07, 594, 385, 94586, 5.65, 291.50, 23.10, 37.70,  , 41.467920, 1.924350, 3.5
16:12:08, 597, 388, 94553, 5.80, 284.00, 23.03, 37.80,  ,  ,  , 3.5
16:12:09, 601, 392, 94508, 5.05, 285.80, 22.98, 37.90,  ,  ,  , 3.5
16:12:10, 605, 396, 94464, 6.70, 290.20, 22.89, 38.00,  , 41.467970, 1.924153, 3.5
16:12:11, 609, 400, 94425, 5.75, 294.30, 22.78, 38.05,  ,  ,  , 3.5
16:12:12, 612, 403, 94386, 6.20, 292.90, 22.78, 38.30,  ,  ,  , 3.5
16:12:13, 616, 407, 94348, 5.40, 283.20, 22.70, 38.50,  , 41.468018, 1.923960, 3.5
16:12:14, 619, 410, 94307, 5.90, 285.60, 22.64, 38.65,  ,  ,  , 3.5
16:12:15, 623, 414, 94266, 5.85, 297.80, 22.59, 38.70,  ,  ,  , 3.5
16:12:16, 627, 418, 94226, 6.90, 284.40, 22.55, 38.85,  , 41.468077, 1.923758, 3.6
16:12:17, 630, 421, 94190, 4.90, 294.90, 22.50, 39.20,  ,  ,  , 3.6
16:12:18, 634, 425, 94155, 6.00, 271.70, 22.45, 39.60,  ,  ,  , 3.6
16:12:19, 637, 428, 94120, 7.70, 278.90, 22.39, 39.95,  , 41.468102, 1.923525, 3.6
16:12:20, 640, 431, 94086, 7.40, 277.40, 22.35, 40.30,  ,  ,  , 3.6
16:12:21, 643, 434, 94051, 5.25, 279.60, 22.31, 40.55,  ,  ,  , 3.6
16:12:22, 646, 437, 94016, 8.05, 277.80, 22.27, 40.80,  , 41.468128, 1.923295, 3.5
16:12:23, 650, 441, 93980, 5.05, 282.20, 22.23, 40.85,  ,  ,  , 3.5
16:12:24, 653, 444, 93945, 7.00, 284.20, 22.17, 41.00,  ,  ,  , 3.4
16:12:25, 656, 447, 93910, 6.60, 281.20, 22.13, 41.15,  , 41.468170, 1.923073, 3.4
16:12:27, 663, 454, 93834, 6.95, 287.20, 22.06, 41.35,  ,  ,  , 3.4
16:12:28, 667, 458, 93796, 4.20, 297.50, 22.02, 41.50,  , 41.468222, 1.922865, 3.4
16:12:30, 675, 466, 93708, 5.30, 283.60, 21.93, 41.55,  ,  ,  , 3.5
16:12:31, 679, 470, 93664, 6.75, 293.00, 21.88, 41.60, 33.25, 41.468273, 1.922640, 3.5
16:12:34, 686, 477, 93596, 6.50, 280.50, 21.77, 41.70,  , 41.468325, 1.922430, 3.3
16:12:36, 692, 483, 93526, 6.00, 277.60, 21.68, 41.85,  ,  ,  , 3.2
16:12:37, 695, 486, 93492, 6.55, 294.40, 21.67, 41.90,  , 41.468382, 1.922220, 3.2
16:12:39, 701, 492, 93428, 5.55, 276.80, 21.59, 42.00,  ,  ,  , 3.1
16:12:40, 704, 495, 93396, 7.60, 288.70, 21.57, 42.20,  , 41.468427, 1.922005, 3.1
16:12:42, 710, 501, 93328, 7.00, 283.10, 21.49, 42.65,  ,  ,  , 2.9
16:12:43, 714, 505, 93294, 5.05, 295.50, 21.45, 42.80,  , 41.468477, 1.921805, 2.9
16:12:45, 720, 511, 93226, 6.50, 276.90, 21.39, 43.15,  ,  ,  , 2.9
16:12:46, 723, 514, 93192, 4.80, 296.10, 21.32, 43.30,  , 41.468517, 1.921602, 2.9
16:12:47, 727, 518, 93155, 6.65, 281.20, 21.29, 43.45,  ,  ,  , 3.2
16:12:48, 730, 521, 93119, 4.40, 290.90, 21.24, 43.55,  ,  ,  , 3.2
16:12:49, 733, 524, 93084, 7.25, 278.50, 21.19, 43.60,  , 41.468553, 1.921398, 3.2
16:12:50, 737, 528, 93043, 5.30, 287.80, 21.16, 43.70,  ,  ,  , 3.2
16:12:51, 741, 532, 93001, 5.85, 270.20, 21.11, 43.75,  ,  ,  , 3.3
16:12:52, 745, 536, 92960, 6.05, 283.50, 21.09, 43.85,  , 41.468573, 1.921205, 3.4
16:12:54, 752, 543, 92879, 4.15, 279.30, 20.98, 44.05,  ,  ,  , 3.5
16:12:55, 756, 547, 92840, 4.60, 292.10, 20.94, 44.10,  , 41.468592, 1.921028, 3.5
16:12:56, 760, 551, 92797, 4.10, 268.00, 20.91, 44.15,  ,  ,  , 3.5
16:12:57, 764, 555, 92756, 5.80, 292.30, 20.85, 44.25,  ,  ,  , 3.6
16:12:58, 768, 559, 92716, 2.95, 257.80, 20.82, 44.55, 32.50, 41.468593, 1.920883, 3.7
16:12:59, 771, 562, 92676, 4.75, 243.30, 20.78, 44.80,  ,  ,  , 3.7
16:13:00, 775, 566, 92637, 5.40, 287.80, 20.75, 44.90,  ,  ,  , 3.7
16:13:01, 779, 570, 92598, 4.40, 266.70, 20.72, 45.05,  , 41.468598, 1.920715, 3.8
16:13:03, 788, 579, 92499, 5.40, 275.70, 20.69, 45.20,  ,  ,  , 3.9
16:13:04, 793, 584, 92450, 4.90, 265.40, 20.71, 45.45,  , 41.468603, 1.920520, 4.0
16:13:05, 798, 589, 92396, 6.45, 276.70, 20.70, 45.60,  ,  ,  , 4.1
16:13:06, 803, 594, 92341, 3.50, 282.10, 20.70, 45.75,  ,  ,  , 4.1
16:13:07, 808, 599, 92286, 4.10, 215.40, 20.72, 45.90,  , 41.468582, 1.920397, 4.3
16:13:08, 814, 605, 92226, 4.05, 275.90, 20.76, 46.00,  ,  ,  , 4.5
16:13:09, 819, 610, 92171, 5.80, 233.20, 20.79, 46.10,  ,  ,  , 4.6
16:13:10, 824, 615, 92116, 4.00, 251.60, 20.79, 46.10,  , 41.468538, 1.920255, 4.7
16:13:11, 830, 621, 92051, 4.35, 266.50, 20.78, 46.00,  ,  ,  , 4.8
16:13:12, 836, 627, 91985, 6.10, 252.20, 20.77, 45.90,  ,  ,  , 5.0
16:13:13, 843, 634, 91920, 5.60, 288.50, 20.73, 45.85,  , 41.468540, 1.920080, 5.2
16:13:14, 847, 638, 91870, 4.00, 271.90, 20.66, 45.75,  ,  ,  , 5.3
16:13:15, 852, 643, 91820, 3.65, 262.60, 20.64, 45.80,  ,  ,  , 5.3
16:13:16, 857, 648, 91770, 4.80, 244.40, 20.60, 45.90,  , 41.468503, 1.919942, 5.3
16:13:17, 862, 653, 91718, 4.00, 233.20, 20.56, 46.05,  ,  ,  , 5.3
16:13:18, 866, 657, 91667, 4.95, 270.10, 20.51, 46.10,  ,  ,  , 5.3
16:13:19, 871, 662, 91616, 5.65, 262.70, 20.42, 46.20,  , 41.468472, 1.919768, 5.3
16:13:20, 876, 667, 91567, 5.50, 236.00, 20.33, 46.15,  ,  ,  , 5.2
16:13:21, 881, 672, 91517, 2.45, 257.60, 20.28, 46.25,  ,  ,  , 5.2
16:13:22, 885, 676, 91468, 6.75, 230.60, 20.22, 46.40,  , 41.468410, 1.919623, 5.1
16:13:23, 890, 681, 91421, 6.75, 230.60, 20.13, 46.55,  ,  ,  , 5.0
16:13:24, 894, 685, 91376, 4.45, 257.70, 20.01, 46.65,  ,  ,  , 4.8
16:13:25, 898, 689, 91332, 4.15, 253.50, 19.98, 46.80, 31.50, 41.468383, 1.919543, 4.6
16:13:26, 903, 694, 91280, 5.45, 282.80, 19.97, 46.95,  ,  ,  , 4.6
16:13:27, 908, 699, 91229, 5.45, 282.80, 19.87, 47.10,  ,  ,  , 4.6
16:13:28, 913, 704, 91178, 6.30, 263.20, 19.79, 47.30,  , 41.468377, 1.919345, 4.7
16:13:29, 917, 708, 91130, 7.40, 253.60, 19.73, 47.45,  ,  ,  , 4.7
16:13:30, 922, 713, 91082, 4.85, 248.00, 19.66, 47.60,  ,  ,  , 4.6
16:13:31, 926, 717, 91034, 5.90, 248.10, 19.60, 47.75,  , 41.468328, 1.919140, 4.6
16:13:33, 937, 728, 90922, 6.60, 279.90, 19.45, 48.10,  ,  ,  , 4.7
16:13:34, 942, 733, 90866, 5.85, 274.30, 19.39, 48.25,  , 41.468310, 1.918928, 4.8
16:13:35, 948, 739, 90810,  ,  , 19.34, 48.40,  ,  ,  , 4.8
16:13:36, 953, 744, 90754,  ,  , 19.30, 48.55,  ,  ,  , 4.9
16:13:37, 958, 749, 90698,  ,  , 19.23, 48.70,  ,  ,  , 5.0
16:13:38, 964, 755, 90634, 5.85, 274.30, 19.17, 48.75,  ,  ,  , 5.1
16:13:39, 971, 762, 90570, 4.95, 273.00, 19.13, 48.90,  ,  ,  , 5.2
16:13:40, 977, 768, 90506, 5.10, 260.90, 19.05, 49.05,  , 41.468287, 1.918558, 5.3
16:13:41, 983, 774, 90437,  ,  , 19.02, 49.25,  ,  ,  , 5.4
16:13:42, 989, 780, 90371,  ,  , 18.98, 49.40,  ,  ,  , 5.6
16:13:43, 996, 787, 90306,  ,  , 18.93, 49.45,  ,  ,  , 5.7
16:13:44, 1003, 794, 90227, 4.50, 273.90, 18.90, 49.55,  ,  ,  , 5.9
16:13:45, 1010, 801, 90151, 2.75, 272.70, 18.87, 49.65,  ,  ,  , 6.1
16:13:46, 1018, 809, 90076, 2.75, 250.80, 18.81, 49.75,  , 41.468263, 1.918255, 6.3
16:13:47, 1024, 815, 90007,  ,  , 18.76, 49.75,  ,  ,  , 6.4
16:13:48, 1031, 822, 89936,  ,  , 18.73, 49.80,  ,  ,  , 6.5
16:13:49, 1038, 829, 89866,  ,  , 18.70, 49.90,  ,  ,  , 6.6
16:13:50, 1044, 835, 89800, 3.15, 213.50, 18.64, 50.05,  ,  ,  , 6.6
16:13:51, 1050, 841, 89735, 3.80, 193.10, 18.59, 50.15,  ,  ,  , 6.6
16:13:52, 1057, 848, 89670, 5.80, 217.10, 18.58, 50.25, 30.50, 41.468133, 1.918108, 6.6
16:13:53, 1064, 855, 89598, 5.80, 217.10, 18.53, 50.25,  ,  ,  , 6.7
16:13:54, 1071, 862, 89526, 5.95, 214.60, 18.47, 50.15,  ,  ,  , 6.7
16:13:55, 1077, 868, 89454, 6.20, 229.00, 18.43, 50.15,  , 41.468003, 1.918017, 6.8
16:13:56, 1084, 875, 89387, 4.95, 213.40, 18.39, 50.20,  ,  ,  , 6.8
16:13:57, 1090, 881, 89322, 4.95, 232.20, 18.38, 50.35,  ,  ,  , 6.7
16:13:58, 1096, 887, 89258, 4.85, 229.10, 18.35, 50.60,  , 41.467875, 1.917842, 6.6
16:13:59, 1102, 893, 89199,  ,  , 18.34, 50.75,  ,  ,  , 6.5
16:14:00, 1108, 899, 89136,  ,  , 18.31, 50.90,  ,  ,  , 6.5
16:14:01, 1114, 905, 89074,  ,  , 18.27, 51.00,  ,  ,  , 6.4
16:14:03, 1128, 919, 88933, 4.80, 237.40, 18.20, 51.20,  ,  ,  , 6.4
16:14:04, 1134, 925, 88864, 6.05, 243.60, 18.16, 51.30,  , 41.467735, 1.917572, 6.5
16:14:05, 1142, 933, 88788, 6.05, 243.60, 18.12, 51.45,  ,  ,  , 6.5
16:14:06, 1149, 940, 88716, 6.05, 243.60, 18.11, 51.50,  ,  ,  , 6.5
16:14:07, 1156, 947, 88644, 5.75, 222.10, 18.04, 51.60,  , 41.467628, 1.917410, 6.5
16:14:08, 1163, 954, 88570, 6.50, 237.30, 18.02, 51.70,  ,  ,  , 6.6
16:14:09, 1170, 961, 88494, 6.35, 226.40, 17.98, 51.80,  ,  ,  , 6.7
16:14:10, 1178, 969, 88418, 6.35, 249.60, 17.94, 51.90,  , 41.467502, 1.917185, 6.8
16:14:11, 1185, 976, 88343, 3.95, 216.40, 17.88, 51.95,  ,  ,  , 6.9
16:14:12, 1192, 983, 88270, 3.95, 216.40, 17.83, 52.05,  ,  ,  , 7.0
16:14:13, 1199, 990, 88198, 4.65, 232.80, 17.77, 52.20,  , 41.467467, 1.917105, 7.1
16:14:14, 1208, 999, 88110, 5.40, 238.00, 17.72, 52.30,  ,  ,  , 7.2
16:14:15, 1216, 1007, 88021, 5.25, 219.60, 17.68, 52.35,  ,  ,  , 7.4
16:14:16, 1225, 1016, 87932, 4.40, 233.20, 17.61, 52.45,  , 41.467387, 1.916972, 7.5
16:14:18, 1243, 1034, 87753, 5.65, 215.90, 17.46, 52.65,  ,  ,  , 7.8
16:14:19, 1251, 1042, 87666, 4.95, 250.20, 17.39, 52.80, 29.75, 41.467280, 1.916797, 7.9
16:14:20, 1260, 1051, 87577,  ,  , 17.30, 52.90,  ,  ,  , 8.0
16:14:21, 1269, 1060, 87484,  ,  , 17.20, 53.05,  ,  ,  , 8.2
16:14:22, 1278, 1069, 87392,  ,  , 17.12, 53.15,  ,  ,  , 8.3
16:14:23, 1287, 1078, 87299, 2.65, 232.80, 16.99, 53.20,  ,  ,  , 8.4
16:14:24, 1296, 1087, 87207, 2.65, 246.40, 16.87, 53.40,  ,  ,  , 8.6
16:14:25, 1305, 1096, 87116, 1.55, 216.50, 16.79, 53.55,  , 41.467185, 1.916643, 8.7
16:14:26, 1314, 1105, 87027,  ,  , 16.68, 53.75,  ,  ,  , 8.8
16:14:27, 1322, 1113, 86940,  ,  , 16.61, 54.00,  ,  ,  , 8.8
16:14:28, 1331, 1122, 86854,  ,  , 16.51, 54.20,  ,  ,  , 8.8
16:14:29, 1338, 1129, 86782, 3.60, 218.40, 16.40, 54.40,  ,  ,  , 8.7
16:14:30, 1345, 1136, 86709, 6.15, 248.10, 16.26, 54.55,  ,  ,  , 8.6
16:14:31, 1352, 1143, 86636, 4.40, 283.60, 16.19, 54.55,  , 41.467100, 1.916445, 8.5
16:14:33, 1369, 1160, 86464, 6.60, 262.70, 15.98, 54.60,  ,  ,  , 8.3
16:14:34, 1378, 1169, 86380, 3.25, 277.10, 15.87, 54.75,  , 41.467087, 1.916283, 8.3
16:14:35, 1385, 1176, 86304, 0.10, 277.10, 15.77, 54.95,  ,  ,  , 8.2
16:14:36, 1393, 1184, 86226, 4.60, 258.90, 15.67, 55.25,  ,  ,  , 8.1
16:14:37, 1400, 1191, 86148, 4.90, 247.90, 15.59, 55.55,  , 41.467052, 1.916120, 8.0
16:14:38, 1408, 1199, 86072, 4.85, 247.90, 15.50, 55.65,  ,  ,  , 7.8
16:14:39, 1415, 1206, 86001, 5.50, 263.30, 15.40, 55.75,  ,  ,  , 7.7
16:14:40, 1422, 1213, 85930, 4.60, 242.20, 15.31, 55.85,  , 41.467030, 1.916017, 7.6
16:14:41, 1429, 1220, 85858, 4.60, 242.20, 15.22, 55.95,  ,  ,  , 7.6
16:14:42, 1437, 1228, 85784, 4.40, 240.90, 15.15, 56.10,  ,  ,  , 7.6
16:14:43, 1444, 1235, 85710, 5.55, 253.20, 15.07, 56.20,  , 41.466990, 1.915850, 7.6
16:14:44, 1452, 1243, 85632, 4.30, 261.40, 14.99, 56.35,  ,  ,  , 7.6
16:14:45, 1459, 1250, 85553, 4.30, 261.40, 14.88, 56.45,  ,  ,  , 7.7
16:14:46, 1467, 1258, 85474, 5.35, 239.30, 14.81, 56.70, 28.75, 41.466942, 1.915663, 7.6
16:14:47, 1476, 1267, 85389, 5.35, 239.30, 14.71, 56.90,  ,  ,  , 7.5
16:14:48, 1484, 1275, 85307, 6.10, 238.20, 14.61, 57.25,  ,  ,  , 7.6
16:14:49, 1492, 1283, 85226, 2.70, 254.20, 14.55, 57.60,  , 41.466897, 1.915490, 7.6
16:14:50, 1500, 1291, 85141, 5.10, 229.00, 14.39, 57.95,  ,  ,  , 7.7
16:14:51, 1509, 1300, 85054, 4.95, 199.70, 14.37, 58.25,  ,  ,  , 7.8
16:14:52, 1518, 1309, 84968, 6.90, 222.40, 14.34, 58.60,  , 41.466800, 1.915380, 7.9
16:14:53, 1526, 1317, 84887,  ,  , 14.24, 59.00,  ,  ,  , 8.0
16:14:54, 1534, 1325, 84804,  ,  , 14.17, 59.20,  ,  ,  , 8.1
16:14:55, 1542, 1333, 84722,  ,  , 14.12, 59.35,  ,  ,  , 8.2
16:14:56, 1551, 1342, 84638, 5.70, 248.00, 14.02, 59.45,  ,  ,  , 8.3
16:14:57, 1559, 1350, 84557, 4.10, 232.70, 13.95, 59.65,  ,  ,  , 8.3
16:14:58, 1567, 1358, 84476, 4.60, 244.50, 13.84, 59.85,  , 41.466617, 1.915073, 8.3
16:15:00, 1586, 1377, 84291, 3.25, 249.40, 13.66, 60.30,  ,  ,  , 8.5
16:15:01, 1595, 1386, 84198, 4.85, 305.70, 13.57, 60.50,  , 41.466647, 1.914860, 8.6
16:15:04, 1622, 1413, 83930, 4.50, 265.30, 13.32, 61.20,  , 41.466662, 1.914742, 8.7
16:15:06, 1639, 1430, 83757, 5.65, 260.30, 13.14, 61.60,  ,  ,  , 8.8
16:15:07, 1648, 1439, 83670, 2.35, 227.60, 13.04, 61.90,  , 41.466593, 1.914557, 8.8
16:15:09, 1665, 1456, 83499,  ,  , 12.86, 62.35,  ,  ,  , 8.8
16:15:10, 1674, 1465, 83414,  ,  , 12.77, 62.50,  ,  ,  , 8.9
16:15:12, 1692, 1483, 83232, 3.60, 224.80, 12.64, 63.15,  ,  ,  , 8.9
16:15:13, 1702, 1493, 83142, 6.40, 253.50, 12.57, 63.50, 27.50, 41.466502, 1.914303, 8.9
16:15:15, 1720, 1511, 82958, 6.30, 247.40, 12.43, 64.00,  ,  ,  , 9.0
16:15:16, 1730, 1521, 82866, 3.75, 261.80, 12.36, 64.25,  , 41.466458, 1.914137, 9.0
16:15:17, 1739, 1530, 82776,  ,  , 12.28, 64.50,  ,  ,  , 9.0
16:15:18, 1748, 1539, 82690,  ,  , 12.19, 64.70,  ,  ,  , 9.0
16:15:19, 1756, 1547, 82604,  ,  , 12.11, 64.85,  ,  ,  , 9.0
16:15:23, 1789, 1580, 82282,  ,  , 11.80, 65.75,  ,  ,  , 8.9
16:15:24, 1798, 1589, 82201,  ,  , 11.71, 65.95,  ,  ,  , 8.8
16:15:25, 1806, 1597, 82120,  ,  , 11.60, 66.20,  ,  ,  , 8.7
16:15:26, 1815, 1606, 82031, 4.05, 259.80, 11.56, 66.40,  ,  ,  , 8.7
16:15:27, 1824, 1615, 81944, 7.00, 251.90, 11.49, 66.65,  ,  ,  , 8.6
16:15:28, 1833, 1624, 81858, 4.10, 270.20, 11.45, 66.90,  , 41.466308, 1.913328, 8.6
16:15:29, 1842, 1633, 81771, 4.10, 270.20, 11.38, 67.10,  ,  ,  , 8.6
16:15:30, 1851, 1642, 81681, 4.90, 285.10, 11.29, 67.40,  ,  ,  , 8.6
16:15:31, 1860, 1651, 81592, 2.50, 234.10, 11.21, 67.70,  , 41.466308, 1.913228, 8.7
16:15:32, 1869, 1660, 81505, 2.50, 234.10, 11.12, 68.00,  ,  ,  , 8.6
16:15:33, 1877, 1668, 81423, 3.25, 282.40, 11.04, 68.35,  ,  ,  , 8.6
16:15:34, 1886, 1677, 81342, 4.15, 266.50, 10.95, 68.70,  , 41.466300, 1.913060, 8.6
16:15:35, 1894, 1685, 81259,  ,  , 10.88, 69.00,  ,  ,  , 8.7
16:15:36, 1903, 1694, 81175,  ,  , 10.81, 69.30,  ,  ,  , 8.8
16:15:37, 1912, 1703, 81092,  ,  , 10.74, 69.65,  ,  ,  , 8.8
16:15:38, 1919, 1710, 81020, 0.05, 284.30, 10.64, 69.95,  ,  ,  , 8.7
16:15:39, 1926, 1717, 80948, 4.20, 285.80, 10.59, 70.30,  ,  ,  , 8.6
16:15:40, 1934, 1725, 80876, 2.65, 332.90, 10.51, 70.60, 26.00, 41.466323, 1.912905, 8.4
16:15:41, 1941, 1732, 80804, 3.60, 273.10, 10.45, 70.95,  ,  ,  , 8.3
16:15:42, 1948, 1739, 80735, 4.05, 308.40, 10.37, 71.25,  ,  ,  , 8.1
16:15:43, 1956, 1747, 80666, 2.55, 253.40, 10.30, 71.50,  , 41.466365, 1.912757, 7.9
16:15:44, 1964, 1755, 80589,  ,  , 10.23, 71.75,  ,  ,  , 8.0
16:15:45, 1972, 1763, 80509,  ,  , 10.16, 72.00,  ,  ,  , 7.9
16:15:46, 1980, 1771, 80430,  ,  , 10.06, 72.25,  ,  ,  , 7.9
16:15:50, 2007, 1798, 80176,  ,  , 9.82, 73.05,  ,  ,  , 7.3
16:15:51, 2013, 1804, 80113,  ,  , 9.75, 73.40,  ,  ,  , 7.3
16:15:52, 2020, 1811, 80050,  ,  , 9.70, 73.70,  ,  ,  , 7.2
16:15:53, 2026, 1817, 79991,  ,  , 9.63, 73.75,  ,  ,  , 7.1
16:15:54, 2032, 1823, 79934,  ,  , 9.57, 73.85,  ,  ,  , 7.0
16:15:55, 2038, 1829, 79878,  ,  , 9.51, 74.05,  ,  ,  , 6.9
16:15:56, 2043, 1834, 79824,  ,  , 9.44, 74.35,  ,  ,  , 6.6
16:15:57, 2049, 1840, 79771,  ,  , 9.38, 74.65,  ,  ,  , 6.4
16:15:58, 2054, 1845, 79718,  ,  , 9.31, 74.65,  ,  ,  , 6.2
16:15:59, 2061, 1852, 79653, 2.95, 257.00, 9.24, 74.60,  ,  ,  , 6.2
16:16:00, 2068, 1859, 79589, 3.40, 222.90, 9.17, 74.55,  ,  ,  , 6.2
16:16:01, 2075, 1866, 79526, 3.00, 265.20, 9.10, 74.40,  , 41.466247, 1.912347, 6.3
16:16:04, 2095, 1886, 79332, 2.40, 250.60, 8.90, 73.80,  , 41.466213, 1.912297, 6.3
16:16:06, 2108, 1899, 79207, 1.70, 265.80, 8.77, 73.80,  ,  ,  , 6.3
16:16:07, 2114, 1905, 79146, 2.70, 213.60, 8.75, 73.90, 24.50, 41.466167, 1.912247, 6.4
16:16:08, 2120, 1911, 79089, 2.70, 198.80, 8.75, 74.00,  ,  ,  , 6.4
16:16:09, 2126, 1917, 79031, 2.70, 198.80, 8.65, 74.20,  ,  ,  , 6.4
16:16:10, 2133, 1924, 78974, 2.15, 198.40, 8.57, 74.40,  , 41.466115, 1.912198, 6.4
16:16:11, 2139, 1930, 78914,  ,  , 8.52, 74.70,  ,  ,  , 6.5
16:16:12, 2145, 1936, 78856,  ,  , 8.41, 75.00,  ,  ,  , 6.4
16:16:13, 2151, 1942, 78798,  ,  , 8.35, 75.40,  ,  ,  , 6.4
16:16:14, 2158, 1949, 78733, 1.80, 161.00, 8.29, 75.80,  ,  ,  , 6.4
16:16:15, 2164, 1955, 78671, 2.15, 162.30, 8.23, 76.25,  ,  ,  , 6.4
16:16:16, 2171, 1962, 78610, 3.00, 178.80, 8.19, 76.65,  , 41.466022, 1.912160, 6.3
16:16:17, 2177, 1968, 78550, 1.40, 277.20, 8.14, 77.10,  ,  ,  , 6.3
16:16:18, 2184, 1975, 78490, 3.10, 174.90, 8.06, 77.45,  ,  ,  , 6.3
16:16:19, 2190, 1981, 78430, 1.05, 197.50, 7.99, 77.80,  , 41.465978, 1.912145, 6.3
16:16:20, 2196, 1987, 78371, 2.30, 203.90, 7.94, 78.15,  ,  ,  , 6.3
16:16:21, 2203, 1994, 78310, 2.20, 166.80, 7.89, 78.45,  ,  ,  , 6.3
16:16:22, 2209, 2000, 78250, 1.55, 285.60, 7.83, 78.80,  , 41.465940, 1.912132, 6.4
16:16:23, 2215, 2006, 78191, 2.05, 163.30, 7.77, 79.10,  ,  ,  , 6.4
16:16:24, 2221, 2012, 78135, 0.05, 163.30, 7.69, 79.35,  ,  ,  , 6.3
16:16:25, 2227, 2018, 78080, 0.10, 163.30, 7.65, 79.55,  , 41.465930, 1.912128, 6.3
16:16:26, 2233, 2024, 78027,  ,  , 7.57, 79.80,  ,  ,  , 6.3
16:16:27, 2238, 2029, 77972,  ,  , 7.50, 79.95,  ,  ,  , 6.2
16:16:28, 2244, 2035, 77918,  ,  , 7.44, 80.10,  ,  ,  , 6.2
16:16:29, 2251, 2042, 77858, 1.15, 82.90, 7.39, 80.25,  ,  ,  , 6.2
16:16:30, 2257, 2048, 77800, 1.20, 75.60, 7.34, 80.45,  ,  ,  , 6.1
16:16:31, 2263, 2054, 77742, 0.05, 75.60, 7.26, 80.60,  , 41.465962, 1.912213, 6.1
16:16:33, 2277, 2068, 77611, 1.95, 336.80, 7.12, 80.95,  ,  ,  , 6.2
16:16:34, 2284, 2075, 77546, 1.95, 298.20, 7.06, 81.25, 23.00, 41.465992, 1.912202, 6.3
16:16:35, 2291, 2082, 77477, 1.90, 298.20, 7.01, 81.55,  ,  ,  , 6.3
16:16:36, 2298, 2089, 77413, 2.35, 272.80, 6.94, 81.85,  ,  ,  , 6.4
16:16:37, 2305, 2096, 77350, 1.40, 268.60, 6.90, 82.20,  , 41.465988, 1.912177, 6.5
16:16:38, 2311, 2102, 77287,  ,  , 6.81, 82.45,  ,  ,  , 6.5
16:16:39, 2318, 2109, 77223,  ,  , 6.75, 82.75,  ,  ,  , 6.6
16:16:40, 2325, 2116, 77160,  ,  , 6.70, 83.10,  ,  ,  , 6.7
16:16:41, 2331, 2122, 77110, 1.60, 85.10, 6.64, 83.40,  ,  ,  , 6.6
16:16:42, 2336, 2127, 77058, 1.00, 85.10, 6.59, 83.70,  ,  ,  , 6.6
16:16:43, 2342, 2133, 77006, 0.05, 85.10, 6.53, 84.05,  , 41.465967, 1.912147, 6.5
16:16:44, 2348, 2139, 76951, 0.05, 85.10, 6.50, 84.30,  ,  ,  , 6.5
16:16:45, 2353, 2144, 76896, 2.60, 280.80, 6.44, 84.55,  ,  ,  , 6.4
16:16:46, 2359, 2150, 76842, 0.05, 280.80, 6.38, 84.85,  , 41.465972, 1.912112, 6.3
16:16:47, 2366, 2157, 76776, 0.10, 280.80, 6.34, 85.15,  ,  ,  , 6.3
16:16:48, 2373, 2164, 76712, 0.15, 280.80, 6.27, 85.40,  ,  ,  , 6.3
16:16:49, 2380, 2171, 76648, 0.15, 280.80, 6.22, 85.70,  , 41.465963, 1.912110, 6.3
16:16:50, 2387, 2178, 76581, 0.15, 280.80, 6.17, 86.00,  ,  ,  , 6.4
16:16:51, 2395, 2186, 76513, 0.10, 280.80, 6.11, 86.25,  ,  ,  , 6.4
16:16:52, 2402, 2193, 76446, 0.10, 280.80, 6.06, 86.50,  , 41.465958, 1.912110, 6.4
16:16:53, 2408, 2199, 76385, 0.10, 280.80, 6.00, 86.75,  ,  ,  , 6.5
16:16:54, 2415, 2206, 76325, 0.05, 260.20, 5.96, 87.00,  ,  ,  , 6.6
16:16:55, 2421, 2212, 76266, 0.10, 260.20, 5.88, 87.15,  , 41.465955, 1.912090, 6.6
16:16:59, 2446, 2237, 76040,  ,  , 5.62, 87.65,  ,  ,  , 6.6
16:17:00, 2452, 2243, 75984,  ,  , 5.56, 87.75,  ,  ,  , 6.5
16:17:01, 2458, 2249, 75928,  ,  , 5.48, 87.90, 21.50,  ,  , 6.5
16:17:04, 2476, 2267, 75762, 1.65, 58.60, 5.33, 88.35,  , 41.466030, 1.912067, 6.3
16:17:05, 2482, 2273, 75706, 1.65, 58.60, 5.24, 88.50,  ,  ,  , 6.1
16:17:06, 2488, 2279, 75654, 2.05, 30.60, 5.18, 88.60,  ,  ,  , 6.0
16:17:07, 2493, 2284, 75602, 0.05, 30.60, 5.13, 88.75,  , 41.466053, 1.912072, 6.0
16:17:08, 2499, 2290, 75550, 0.05, 30.60, 5.07, 88.75,  ,  ,  , 6.0
16:17:09, 2505, 2296, 75496, 0.05, 30.60, 5.02, 88.85,  ,  ,  , 6.0
16:17:10, 2511, 2302, 75442, 0.15, 30.60, 4.94, 88.95,  , 41.466052, 1.912058, 6.0
16:17:11, 2516, 2307, 75394, 0.15, 30.60, 4.89, 89.00,  ,  ,  , 5.8
16:17:12, 2521, 2312, 75348, 0.10, 30.60, 4.86, 89.15,  ,  ,  , 5.8
16:17:13, 2526, 2317, 75302, 0.05, 30.60, 4.83, 89.35,  , 41.466077, 1.912037, 5.7
16:17:14, 2530, 2321, 75261, 0.15, 30.60, 4.80, 89.55,  ,  ,  , 5.6
16:17:15, 2535, 2326, 75219, 2.15, 202.80, 4.76, 89.80,  ,  ,  , 5.5
16:17:16, 2539, 2330, 75178, 0.05, 202.80, 4.71, 90.00,  , 41.466065, 1.912028, 5.3
16:17:17, 2544, 2335, 75133, 0.10, 202.80, 4.66, 90.20,  ,  ,  , 5.3
16:17:18, 2549, 2340, 75089, 0.15, 202.80, 4.63, 90.40,  ,  ,  , 5.2
16:17:19, 2554, 2345, 75046, 0.10, 202.80, 4.59, 90.60,  , 41.466067, 1.912020, 5.1
16:17:20, 2559, 2350, 75000,  ,  , 4.58, 90.75,  ,  ,  , 5.1
16:17:21, 2564, 2355, 74953,  ,  , 4.58, 90.95,  ,  ,  , 5.0
16:17:22, 2569, 2360, 74906,  ,  , 4.57, 91.20,  ,  ,  , 5.0
16:17:23, 2574, 2365, 74862, 0.10, 76.30, 4.57, 91.50,  ,  ,  , 4.9
16:17:24, 2579, 2370, 74820, 0.10, 76.30, 4.56, 91.75,  ,  ,  , 4.8
16:17:25, 2583, 2374, 74778, 0.15, 76.30, 4.56, 92.00,  , 41.466077, 1.912073, 4.8
16:17:26, 2588, 2379, 74731, 0.15, 76.30, 4.56, 92.25,  ,  ,  , 4.8
16:17:27, 2593, 2384, 74684, 2.15, 51.70, 4.56, 92.45,  ,  ,  , 4.9
16:17:28, 2599, 2390, 74638, 0.00, 51.70, 4.58, 92.65, 20.00, 41.466082, 1.912093, 4.9
16:17:30, 2609, 2400, 74542, 0.05, 45.40, 4.58, 93.05,  ,  ,  , 5.0
16:17:31, 2614, 2405, 74496, 1.80, 143.70, 4.57, 93.25,  , 41.466090, 1.912125, 5.0
16:17:34, 2630, 2421, 74352, 2.35, 134.30, 4.55, 93.60,  , 41.466048, 1.912168, 5.1
16:17:36, 2639, 2430, 74267, 1.40, 157.50, 4.50, 93.80,  ,  ,  , 5.1
16:17:37, 2644, 2435, 74226, 2.05, 93.60, 4.49, 93.90,  , 41.466023, 1.912237, 5.0
16:17:39, 2653, 2444, 74141, 2.30, 150.00, 4.43, 94.05,  ,  ,  , 5.0
16:17:40, 2658, 2449, 74098, 2.30, 285.20, 4.42, 94.15,  , 41.466012, 1.912228, 5.0
16:17:41, 2663, 2454, 74052,  ,  , 4.40, 94.20,  ,  ,  , 5.0
16:17:42, 2668, 2459, 74007,  ,  , 4.37, 94.20,  ,  ,  , 5.0
16:17:43, 2673, 2464, 73962,  ,  , 4.35, 94.30,  ,  ,  , 4.9
16:17:45, 2683, 2474, 73872, 5.10, 74.50, 4.29, 94.45,  ,  ,  , 4.9
16:17:46, 2688, 2479, 73828, 0.10, 74.50, 4.28, 94.50,  , 41.466033, 1.912360, 4.8
16:17:47, 2693, 2484, 73782, 0.10, 74.50, 4.27, 94.55,  ,  ,  , 4.8
16:17:48, 2698, 2489, 73736, 3.15, 73.00, 4.27, 94.60,  ,  ,  , 4.9
16:17:49, 2703, 2494, 73690, 2.60, 81.60, 4.26, 94.70,  , 41.466045, 1.912435, 4.9
16:17:50, 2710, 2501, 73629, 2.60, 95.00, 4.28, 94.80,  ,  ,  , 5.1
16:17:51, 2717, 2508, 73568, 2.60, 75.30, 4.26, 94.85,  ,  ,  , 5.3
16:17:52, 2724, 2515, 73508, 4.95, 106.20, 4.24, 94.95,  , 41.466050, 1.912547, 5.5
16:17:54, 2739, 2530, 73373, 5.50, 88.20, 4.20, 95.05,  ,  ,  , 5.9
16:17:55, 2746, 2537, 73306, 3.30, 117.70, 4.18, 95.05, 19.00, 41.466032, 1.912707, 6.1
16:17:56, 2755, 2546, 73223, 3.30, 117.70, 4.16, 95.05,  ,  ,  , 6.3
16:17:57, 2765, 2556, 73139, 5.25, 121.50, 4.15, 95.05,  ,  ,  , 6.5
16:17:58, 2774, 2565, 73056, 5.60, 118.10, 4.11, 95.10,  , 41.465955, 1.912862, 7.0
16:17:59, 2784, 2575, 72972, 5.60, 118.10, 4.08, 95.15,  ,  ,  , 7.5
16:18:00, 2793, 2584, 72891, 7.25, 112.60, 4.04, 95.05,  ,  ,  , 7.9
16:18:01, 2802, 2593, 72810, 8.65, 126.70, 4.01, 95.00,  , 41.465883, 1.913098, 8.2
16:18:02, 2811, 2602, 72726,  ,  , 3.98, 94.95,  ,  ,  , 8.3
16:18:03, 2821, 2612, 72637,  ,  , 3.96, 94.85,  ,  ,  , 8.6
16:18:04, 2831, 2622, 72548,  ,  , 3.95, 94.85,  ,  ,  , 8.8
16:18:05, 2841, 2632, 72457, 7.90, 135.50, 3.93, 94.80,  ,  ,  , 9.1
16:18:06, 2851, 2642, 72370, 7.95, 134.60, 3.90, 94.80,  ,  ,  , 9.1
16:18:07, 2861, 2652, 72284, 9.40, 148.20, 3.86, 94.75,  , 41.465527, 1.913567, 9.4
16:18:08, 2872, 2663, 72182, 9.35, 148.20, 3.84, 94.65,  ,  ,  , 9.7
16:18:09, 2884, 2675, 72082, 9.55, 126.10, 3.78, 94.55,  ,  ,  , 9.9
16:18:10, 2895, 2686, 71982, 13.10, 114.70, 3.70, 94.40,  , 41.465423, 1.913782, 10.1
16:18:11, 2906, 2697, 71883, 10.20, 139.90, 3.61, 94.20,  ,  ,  , 10.2
16:18:12, 2917, 2708, 71788, 12.90, 118.50, 3.47, 93.95,  ,  ,  , 10.3
16:18:13, 2928, 2719, 71694, 12.90, 120.90, 3.34, 93.70,  , 41.465243, 1.914135, 10.5
16:18:14, 2940, 2731, 71587, 13.00, 134.80, 3.17, 93.50,  ,  ,  , 10.7
16:18:15, 2952, 2743, 71479, 11.80, 126.00, 3.16, 93.25,  ,  ,  , 10.9
16:18:16, 2965, 2756, 71372, 9.95, 126.30, 3.05, 93.10,  , 41.465048, 1.914477, 11.1
16:18:17, 2976, 2767, 71273, 11.15, 122.10, 2.93, 92.90,  ,  ,  , 11.2
16:18:18, 2987, 2778, 71172, 8.55, 133.00, 2.87, 92.85,  ,  ,  , 11.3
16:18:19, 2999, 2790, 71072, 10.45, 128.20, 2.80, 92.75,  , 41.464838, 1.914863, 11.5
16:18:29, 3101, 2892, 70183, 9.70, 135.40, 1.90, 92.55,  ,  ,  , 10.4
16:18:30, 3111, 2902, 70094, 7.55, 140.30, 1.79, 92.55,  ,  ,  , 10.3
16:18:31, 3122, 2913, 70006, 10.60, 133.40, 1.71, 92.50,  , 41.464213, 1.915772, 10.2
16:18:33, 3142, 2933, 69835, 10.50, 125.00, 1.53, 92.40,  ,  ,  , 10.1
16:18:34, 3151, 2942, 69756, 9.95, 122.00, 1.47, 92.40,  , 41.464007, 1.916148, 10.0
16:18:38, 3182, 2973, 69489, 10.45, 136.50, 1.42, 92.70,  ,  ,  , 9.6
16:18:39, 3190, 2981, 69420, 10.45, 136.50, 1.43, 92.90,  ,  ,  , 9.5
16:18:40, 3198, 2989, 69352, 9.75, 137.20, 1.44, 93.10,  , 41.463680, 1.916625, 9.5
16:18:41, 3205, 2996, 69292, 9.70, 137.20, 1.46, 93.30,  ,  ,  , 9.4
16:18:42, 3212, 3003, 69231, 8.60, 139.10, 1.45, 93.45,  ,  ,  , 8.5
16:18:43, 3219, 3010, 69170, 10.55, 133.20, 1.46, 93.65,  , 41.463557, 1.916780, 8.3
16:18:44, 3226, 3017, 69112, 10.55, 133.20, 1.47, 93.80,  ,  ,  , 8.0
16:18:45, 3232, 3023, 69056, 10.00, 130.20, 1.46, 93.90,  ,  ,  , 7.9
16:18:46, 3239, 3030, 69000, 8.10, 148.00, 1.38, 93.95,  , 41.463382, 1.916995, 7.6
16:18:47, 3245, 3036, 68950, 7.15, 153.50, 1.19, 93.90,  ,  ,  , 7.3
16:18:48, 3251, 3042, 68901, 12.85, 139.70, 1.00, 93.70,  ,  ,  , 7.2
16:18:49, 3256, 3047, 68852, 7.35, 152.40, 0.84, 93.45, 17.75, 41.463092, 1.917228, 7.1
16:18:50, 3262, 3053, 68803,  ,  , 0.73, 93.25,  ,  ,  , 6.7
16:18:51, 3268, 3059, 68755,  ,  , 0.56, 93.00,  ,  ,  , 6.5
16:18:52, 3273, 3064, 68708,  ,  , 0.37, 92.70,  ,  ,  , 6.3
16:18:53, 3279, 3070, 68656, 11.00, 136.10, 0.21, 92.30,  ,  ,  , 6.2
16:18:54, 3285, 3076, 68604, 9.65, 151.70, 0.01, 91.95,  ,  ,  , 6.1
16:18:55, 3292, 3083, 68552, 10.95, 144.10, -0.12, 91.55,  , 41.462723, 1.917572, 6.0
16:18:56, 3298, 3089, 68495, 10.15, 142.50, -0.24, 91.30,  ,  ,  , 6.0
16:18:57, 3305, 3096, 68438, 12.20, 144.60, -0.35, 91.10,  ,  ,  , 6.0
16:18:58, 3312, 3103, 68382, 10.35, 146.70, -0.44, 90.95,  , 41.462483, 1.917803, 6.0
16:18:59, 3319, 3110, 68321, 11.60, 140.30, -0.57, 90.90,  ,  ,  , 6.1
16:19:00, 3326, 3117, 68261, 12.25, 138.30, -0.67, 90.90,  ,  ,  , 6.2
16:19:01, 3333, 3124, 68202, 10.15, 136.90, -0.79, 90.85,  , 41.462250, 1.918070, 6.4
16:19:03, 3348, 3139, 68069, 15.25, 136.10, -0.92, 90.85,  ,  ,  , 6.7
16:19:04, 3356, 3147, 68002, 17.05, 123.70, -0.86, 91.00,  , 41.461918, 1.918610, 6.8
16:19:05, 3361, 3152, 67961, 17.05, 123.70, -0.78, 91.30,  ,  ,  , 6.8
16:19:06, 3366, 3157, 67921, 15.00, 121.80, -0.71, 91.65,  ,  ,  , 6.7
16:19:07, 3371, 3162, 67882, 16.25, 116.60, -0.68, 92.05,  , 41.461773, 1.918942, 6.5
16:19:08, 3372, 3163, 67867, 15.05, 114.80, -0.68, 92.45,  ,  ,  , 6.2
16:19:09, 3374, 3165, 67852, 14.90, 117.00, -0.69, 92.75,  ,  ,  , 5.8
16:19:10, 3376, 3167, 67838, 14.70, 115.40, -0.71, 93.05,  , 41.461533, 1.919592, 5.5
16:19:11, 3377, 3168, 67831, 14.70, 115.40, -0.71, 93.30,  ,  ,  , 5.0
16:19:12, 3377, 3168, 67824, 16.30, 115.90, -0.72, 93.55,  ,  ,  , 4.5
16:19:13, 3378, 3169, 67818, 13.55, 113.40, -0.74, 93.80,  , 41.461367, 1.920085, 4.0
16:19:17, 3378, 3169, 67819,  ,  , -0.73, 94.50,  ,  ,  , 1.7
16:19:18, 3378, 3169, 67819,  ,  , -0.75, 94.70,  ,  ,  , 1.3
16:19:19, 3378, 3169, 67820,  ,  , -0.89, 94.80,  ,  ,  , 0.9
16:19:20, 3378, 3169, 67822, 11.70, 116.80, -1.10, 94.85,  ,  ,  , 0.4
16:19:21, 3377, 3168, 67824, 10.85, 115.80, -1.28, 94.65,  ,  ,  , 0.3
16:19:22, 3377, 3168, 67826, 12.35, 120.30, -1.43, 94.35,  , 41.460900, 1.921243, 0.1
16:19:23, 3377, 3168, 67829, 12.35, 120.30, -1.59, 94.00,  ,  ,  , 0
16:19:24, 3376, 3167, 67833, 11.85, 115.10, -1.69, 93.60,  ,  ,  , -0.1
16:19:25, 3376, 3167, 67838, 11.60, 127.10, -1.75, 93.15,  , 41.460750, 1.921600, -0.2
16:19:29, 3373, 3164, 67860, 12.05, 131.50, -2.02, 92.45,  ,  ,  , -0.4
16:19:30, 3372, 3163, 67866, 8.10, 124.40, -2.06, 92.25,  ,  ,  , -0.5
16:19:31, 3372, 3163, 67872, 10.30, 125.60, -2.07, 91.95,  , 41.460498, 1.922078, -0.5
16:19:33, 3369, 3160, 67893, 9.90, 122.30, -2.14, 91.40,  ,  ,  , -0.6
16:19:34, 3368, 3159, 67904, 9.70, 132.20, -2.15, 90.95,  , 41.460303, 1.922447, -0.7
16:19:38, 3360, 3151, 67968,  ,  , -2.10, 88.80,  ,  ,  , -1.2
16:19:39, 3359, 3150, 67983,  ,  , -2.08, 88.30,  ,  ,  , -1.2
16:19:40, 3357, 3148, 67998,  ,  , -2.06, 87.85,  ,  ,  , -1.2
16:19:42, 3353, 3144, 68029, 9.30, 133.80, -1.99, 87.00,  ,  ,  , -1.6
16:19:43, 3351, 3142, 68046, 9.70, 121.30, -1.97, 86.60, 15.25, 41.459857, 1.923290, -1.7
16:19:44, 3350, 3141, 68059, 9.70, 121.30, -1.93, 86.25,  ,  ,  , -1.7
16:19:45, 3348, 3139, 68074, 9.45, 131.50, -1.90, 85.90,  ,  ,  , -1.8
16:19:46, 3346, 3137, 68090, 9.60, 128.80, -1.86, 85.55,  , 41.459682, 1.923542, -1.8
16:19:47, 3344, 3135, 68103,  ,  , -1.81, 85.20,  ,  ,  , -1.8
16:19:48, 3343, 3134, 68118,  ,  , -1.77, 84.90,  ,  ,  , -1.8
16:19:49, 3341, 3132, 68134,  ,  , -1.72, 84.60,  ,  ,  , -1.8
16:19:50, 3339, 3130, 68146, 10.05, 136.50, -1.67, 84.20,  ,  ,  , -1.8
16:19:51, 3338, 3129, 68159, 8.70, 135.40, -1.64, 83.80,  ,  ,  , -1.8
16:19:52, 3336, 3127, 68172, 10.45, 143.10, -1.62, 83.40,  , 41.459397, 1.923957, -1.7
16:19:53, 3335, 3126, 68183, 10.40, 143.10, -1.60, 83.00,  ,  ,  , -1.7
16:19:54, 3334, 3125, 68193, 9.85, 145.60, -1.57, 82.65,  ,  ,  , -1.7
16:19:55, 3333, 3124, 68204, 9.70, 134.10, -1.54, 82.40,  , 41.459203, 1.924187, -1.6
16:19:56, 3331, 3122, 68214, 8.90, 136.40, -1.51, 82.10,  ,  ,  , -1.6
16:19:57, 3330, 3121, 68227, 8.90, 136.40, -1.48, 81.85,  ,  ,  , -1.5
16:19:58, 3328, 3119, 68240, 8.20, 133.80, -1.45, 81.55,  , 41.459018, 1.924403, -1.5
16:19:59, 3327, 3118, 68247,  ,  , -1.42, 81.30,  ,  ,  , -1.5
16:20:00, 3326, 3117, 68256,  ,  , -1.40, 80.95,  ,  ,  , -1.4
16:20:01, 3325, 3116, 68266,  ,  , -1.38, 80.70,  ,  ,  , -1.3
16:20:04, 3321, 3112, 68302, 10.05, 147.80, -1.32, 80.05,  , 41.458512, 1.924860, -1.3
16:20:06, 3318, 3109, 68323, 9.25, 153.10, -1.24, 79.70,  ,  ,  , -1.3
16:20:07, 3317, 3108, 68334, 11.55, 144.50, -1.20, 79.50,  , 41.458273, 1.925040, -1.3
16:20:09, 3315, 3106, 68352, 10.50, 150.60, -1.15, 79.05,  ,  ,  , -1.3
16:20:10, 3314, 3105, 68362, 10.00, 148.90, -1.11, 78.80, 14.25, 41.458113, 1.925150, -1.2
16:20:11, 3313, 3104, 68371,  ,  , -1.08, 78.55,  ,  ,  , -1.2
16:20:12, 3312, 3103, 68380,  ,  , -1.05, 78.30,  ,  ,  , -1.2
16:20:13, 3311, 3102, 68390,  ,  , -1.03, 78.10,  ,  ,  , -1.2
16:20:15, 3310, 3101, 68394, 9.55, 155.80, -0.97, 77.55,  ,  ,  , -1.1
16:20:16, 3310, 3101, 68396, 10.80, 165.50, -0.95, 77.30,  , 41.457587, 1.925413, -0.9
16:20:17, 3310, 3101, 68392,  ,  , -0.93, 77.05,  ,  ,  , -0.8
16:20:18, 3311, 3102, 68389,  ,  , -0.91, 76.75,  ,  ,  , -0.6
16:20:19, 3311, 3102, 68386,  ,  , -0.89, 76.50,  ,  ,  , -0.5
16:20:21, 3313, 3104, 68371, 10.35, 165.00, -0.85, 76.30,  ,  ,  , -0.3
16:20:22, 3314, 3105, 68364, 11.45, 167.30, -0.79, 76.50,  , 41.457032, 1.925658, -0.1
16:20:24, 3317, 3108, 68340, 11.55, 162.00, -0.87, 77.80,  ,  ,  , 0.4
16:20:25, 3318, 3109, 68328, 13.95, 159.90, -0.91, 78.65,  , 41.456612, 1.925842, 0.6
16:20:26, 3321, 3112, 68300,  ,  , -1.00, 79.55,  ,  ,  , 0.8
16:20:27, 3324, 3115, 68273,  ,  , -1.06, 80.35,  ,  ,  , 1.0
16:20:28, 3328, 3119, 68246,  ,  , -1.15, 81.15,  ,  ,  , 1.3
16:20:29, 3331, 3122, 68219, 15.05, 164.20, -1.25, 81.85,  ,  ,  , 1.6
16:20:30, 3334, 3125, 68192, 16.20, 155.90, -1.34, 82.55,  ,  ,  , 1.8
16:20:31, 3337, 3128, 68166, 14.55, 135.90, -1.42, 83.20,  , 41.455998, 1.926242, 2.0
16:20:33, 3340, 3131, 68137, 14.40, 143.90, -1.57, 84.35,  ,  ,  , 2.3
16:20:34, 3342, 3133, 68124, 14.85, 147.80, -1.65, 84.90,  , 41.455657, 1.926532, 2.3
16:20:35, 3343, 3134, 68112, 14.85, 147.80, -1.71, 85.35,  ,  ,  , 2.3
16:20:36, 3345, 3136, 68101, 15.65, 143.00, -1.77, 85.75,  ,  ,  , 2.3
16:20:37, 3346, 3137, 68090, 14.25, 152.60, -1.81, 86.20, 13.25, 41.455333, 1.926805, 2.3
16:20:38, 3346, 3137, 68093,  ,  , -1.81, 86.65,  ,  ,  , 2.1
16:20:39, 3345, 3136, 68096,  ,  , -1.82, 87.10,  ,  ,  , 1.8
16:20:40, 3345, 3136, 68100,  ,  , -1.80, 87.55,  ,  ,  , 1.6
16:20:41, 3344, 3135, 68102, 15.05, 142.90, -1.78, 88.00,  ,  ,  , 1.3
16:20:42, 3344, 3135, 68105, 13.55, 142.70, -1.76, 88.45,  ,  ,  , 1.0
16:20:43, 3344, 3135, 68108, 12.50, 149.90, -1.75, 88.90,  , 41.454750, 1.927365, 0.8
16:20:47, 3348, 3139, 68069, 11.40, 153.30, -1.68, 90.70,  ,  ,  , 0.5
16:20:48, 3350, 3141, 68059, 12.10, 153.90, -1.66, 91.05,  ,  ,  , 0.5
16:20:49, 3351, 3142, 68050, 11.60, 143.40, -1.64, 91.45,  , 41.454093, 1.927835, 0.5
16:20:50, 3351, 3142, 68048, 11.60, 143.40, -1.62, 91.75,  ,  ,  , 0.4
16:20:51, 3351, 3142, 68046, 11.25, 163.10, -1.59, 92.15,  ,  ,  , 0.4
16:20:52, 3351, 3142, 68044, 10.00, 145.60, -1.55, 92.55,  , 41.453833, 1.928005, 0.5
16:20:53, 3352, 3143, 68035, 10.00, 145.60, -1.52, 92.85,  ,  ,  , 0.7
16:20:54, 3353, 3144, 68027, 9.55, 154.10, -1.47, 93.15,  ,  ,  , 0.8
16:20:55, 3354, 3145, 68020, 9.10, 137.00, -1.41, 93.45,  , 41.453617, 1.928173, 0.9
16:20:56, 3357, 3148, 67995, 9.15, 137.00, -1.35, 93.80,  ,  ,  , 1.0
16:20:57, 3360, 3151, 67969, 10.45, 124.60, -1.32, 94.10,  ,  ,  , 1.2
16:20:58, 3363, 3154, 67944, 8.25, 133.70, -1.26, 94.35,  , 41.453503, 1.928338, 1.3
16:20:59, 3366, 3157, 67917,  ,  , -1.25, 94.60,  ,  ,  , 1.4
16:21:00, 3370, 3161, 67890,  ,  , -1.24, 94.85,  ,  ,  , 1.6
16:21:01, 3373, 3164, 67864,  ,  , -1.21, 95.10,  ,  ,  , 1.8
16:21:04, 3379, 3170, 67814, 4.20, 135.00, -1.24, 95.60, 12.00, 41.453313, 1.928803, 2.3
16:21:08, 3384, 3175, 67764, 6.85, 113.80, -1.32, 96.10,  ,  ,  , 2.3
16:21:09, 3386, 3177, 67752, 8.45, 114.40, -1.30, 96.20,  ,  ,  , 2.2
16:21:10, 3387, 3178, 67740, 6.60, 116.30, -1.28, 96.30,  , 41.453143, 1.929218, 2.1
16:21:14, 3390, 3181, 67719, 5.40, 126.30, -1.26, 96.70,  ,  ,  , 1.3
16:21:15, 3390, 3181, 67714, 7.75, 120.00, -1.26, 96.80,  ,  ,  , 1.3
16:21:16, 3391, 3182, 67710, 9.10, 122.90, -1.26, 96.85,  , 41.452950, 1.929648, 1.2
16:21:17, 3391, 3182, 67705, 5.20, 137.50, -1.26, 96.90,  ,  ,  , 1.0
16:21:18, 3392, 3183, 67701, 8.60, 127.00, -1.26, 97.00,  ,  ,  , 0.9
16:21:19, 3392, 3183, 67698, 5.60, 113.20, -1.28, 97.05,  , 41.452832, 1.929847, 0.9
16:21:20, 3394, 3185, 67687, 8.80, 128.70, -1.30, 97.10,  ,  ,  , 0.8
16:21:21, 3395, 3186, 67676, 8.55, 135.50, -1.31, 97.20,  ,  ,  , 0.7
16:21:22, 3396, 3187, 67666, 5.75, 126.30, -1.32, 97.20,  , 41.452702, 1.930058, 0.7
16:21:23, 3398, 3189, 67648, 5.75, 126.30, -1.32, 97.20,  ,  ,  , 0.8
16:21:24, 3400, 3191, 67631, 6.50, 122.50, -1.33, 97.25,  ,  ,  , 0.9
16:21:25, 3402, 3193, 67614, 6.30, 118.90, -1.33, 97.30,  , 41.452607, 1.930260, 1.0
16:21:26, 3405, 3196, 67591, 8.40, 111.80, -1.34, 97.35,  ,  ,  , 1.3
16:21:27, 3408, 3199, 67568, 8.25, 113.40, -1.36, 97.40,  ,  ,  , 1.4
16:21:28, 3410, 3201, 67546, 6.95, 111.00, -1.38, 97.45,  , 41.452525, 1.930517, 1.6
16:21:29, 3413, 3204, 67526, 7.60, 114.10, -1.40, 97.40,  ,  ,  , 1.8
16:21:30, 3415, 3206, 67507, 8.50, 116.20, -1.41, 97.45,  ,  ,  , 1.9
16:21:31, 3417, 3208, 67488, 6.60, 116.00, -1.43, 97.50, 11.00, 41.452437, 1.930765, 2.1
16:21:35, 3421, 3212, 67452,  ,  , -1.46, 97.60,  ,  ,  , 2.0
16:21:36, 3423, 3214, 67443,  ,  , -1.48, 97.65,  ,  ,  , 1.9
16:21:37, 3424, 3215, 67434,  ,  , -1.48, 97.65,  ,  ,  , 1.8
16:21:38, 3425, 3216, 67421, 6.85, 118.10, -1.49, 97.65,  ,  ,  , 1.8
16:21:39, 3427, 3218, 67408, 6.85, 118.10, -1.51, 97.70,  ,  ,  , 1.7
16:21:40, 3428, 3219, 67396, 8.75, 118.60, -1.52, 97.70,  , 41.452133, 1.931533, 1.6
16:21:41, 3430, 3221, 67381, 7.40, 116.30, -1.55, 97.75,  ,  ,  , 1.5
16:21:42, 3432, 3223, 67366, 7.40, 116.30, -1.56, 97.75,  ,  ,  , 1.5
16:21:43, 3433, 3224, 67352, 7.70, 113.10, -1.57, 97.80,  , 41.452030, 1.931807, 1.4
16:21:47, 3437, 3228, 67322, 9.35, 117.10, -1.55, 97.95,  ,  ,  , 1.3
16:21:48, 3438, 3229, 67315, 7.55, 108.20, -1.54, 97.95,  ,  ,  , 1.3
16:21:49, 3439, 3230, 67308, 10.10, 121.60, -1.54, 98.00,  , 41.451792, 1.932365, 1.2
16:21:50, 3440, 3231, 67299, 10.10, 121.60, -1.54, 98.05,  ,  ,  , 1.2
16:21:51, 3441, 3232, 67290, 9.55, 119.80, -1.55, 98.10,  ,  ,  , 1.2
16:21:52, 3442, 3233, 67282, 10.10, 123.80, -1.54, 98.10,  , 41.451672, 1.932643, 1.1
16:21:53, 3443, 3234, 67271, 7.55, 126.40, -1.54, 98.10,  ,  ,  , 1.1
16:21:54, 3444, 3235, 67259, 9.30, 124.00, -1.55, 98.15,  ,  ,  , 1.1
16:21:55, 3446, 3237, 67248, 8.50, 129.00, -1.56, 98.20,  , 41.451492, 1.932977, 1.1
16:21:59, 3447, 3238, 67239,  ,  , -1.61, 98.15,  ,  ,  , 0.8
16:22:00, 3447, 3238, 67237,  ,  , -1.65, 98.15,  ,  ,  , 0.8
16:22:01, 3447, 3238, 67236,  ,  , -1.69, 98.15,  ,  ,  , 0.7
16:22:04, 3448, 3239, 67232, 8.60, 121.50, -1.74, 98.10,  , 41.451207, 1.933730, 0.5
16:22:05, 3448, 3239, 67231,  ,  , -1.76, 98.10,  ,  ,  , 0.5
16:22:06, 3448, 3239, 67230,  ,  , -1.76, 98.10,  ,  ,  , 0.4
16:22:07, 3448, 3239, 67230,  ,  , -1.78, 98.10,  ,  ,  , 0.3
16:22:08, 3447, 3238, 67233, 7.30, 110.10, -1.80, 98.10,  ,  ,  , 0.1
16:22:09, 3447, 3238, 67236, 8.85, 118.80, -1.80, 98.10,  ,  ,  , 0.1
16:22:10, 3447, 3238, 67240, 6.95, 117.40, -1.81, 98.10,  , 41.451028, 1.934142, 0.1
16:22:11, 3446, 3237, 67241, 6.95, 117.40, -1.80, 98.15,  ,  ,  , 0
16:22:12, 3446, 3237, 67243, 7.60, 127.50, -1.80, 98.15,  ,  ,  , -0.1
16:22:13, 3446, 3237, 67246, 8.50, 109.70, -1.80, 98.15,  , 41.450930, 1.934398, -0.1
16:22:14, 3446, 3237, 67248, 8.90, 128.10, -1.81, 98.15,  ,  ,  , -0.1
16:22:15, 3445, 3236, 67250, 8.90, 128.10, -1.81, 98.15,  ,  ,  , -0.1
16:22:16, 3445, 3236, 67252, 7.40, 118.60, -1.80, 98.15,  , 41.450773, 1.934710, -0.2
16:22:17, 3445, 3236, 67254,  ,  , -1.78, 98.20,  ,  ,  , -0.2
16:22:18, 3445, 3236, 67257,  ,  , -1.77, 98.20,  ,  ,  , -0.2
16:22:19, 3444, 3235, 67260,  ,  , -1.76, 98.20,  ,  ,  , -0.3
16:22:26, 3432, 3223, 67367,  ,  , -1.77, 98.35,  ,  ,  , -1.1
16:22:27, 3430, 3221, 67382,  ,  , -1.78, 98.35,  ,  ,  , -1.2
16:22:28, 3428, 3219, 67398,  ,  , -1.79, 98.40,  ,  ,  , -1.4
16:22:34, 3414, 3205, 67512, 6.50, 105.30, -1.91, 98.40,  , 41.450378, 1.935942, -2.0
16:22:36, 3408, 3199, 67562, 5.05, 102.30, -1.98, 98.35,  ,  ,  , -2.1
16:22:37, 3405, 3196, 67588, 7.20, 109.10, -2.04, 98.35,  , 41.450323, 1.936153, -2.2
16:22:39, 3400, 3191, 67630, 9.25, 107.90, -2.07, 98.30,  ,  ,  , -2.4
16:22:40, 3398, 3189, 67652, 5.85, 136.10, -2.05, 98.25,  , 41.450240, 1.936427, -2.5
16:22:41, 3397, 3188, 67660,  ,  , -2.01, 98.25,  ,  ,  , -2.4
16:22:42, 3396, 3187, 67669,  ,  , -1.99, 98.25,  ,  ,  , -2.3
16:22:43, 3395, 3186, 67678,  ,  , -1.98, 98.30,  ,  ,  , -2.2
16:22:45, 3393, 3184, 67691, 8.20, 97.00, -1.96, 98.35,  ,  ,  , -2.0
16:22:46, 3392, 3183, 67698, 6.15, 124.70, -1.97, 98.40,  , 41.450090, 1.936867, -1.8
16:22:47, 3391, 3182, 67705,  ,  , -1.97, 98.40,  ,  ,  , -1.8
16:22:48, 3391, 3182, 67712,  ,  , -1.97, 98.40,  ,  ,  , -1.7
16:22:49, 3390, 3181, 67720,  ,  , -1.96, 98.45,  ,  ,  , -1.4
16:22:50, 3389, 3180, 67724, 5.00, 99.80, -1.96, 98.45,  ,  ,  , -1.2
16:22:51, 3389, 3180, 67729, 6.55, 132.30, -1.96, 98.50,  ,  ,  , -1.0
16:22:52, 3388, 3179, 67734, 6.90, 115.90, -1.96, 98.50, 9.50, 41.449848, 1.937427, -0.8
16:22:56, 3387, 3178, 67744, 10.35, 108.60, -1.93, 98.55,  ,  ,  , -0.6
16:22:57, 3386, 3177, 67747, 8.75, 111.80, -1.87, 98.60,  ,  ,  , -0.6
16:22:58, 3386, 3177, 67750, 4.85, 123.30, -1.82, 98.60,  , 41.449672, 1.937862, -0.5
16:22:59, 3384, 3175, 67763,  ,  , -1.78, 98.65,  ,  ,  , -0.6
16:23:00, 3383, 3174, 67777,  ,  , -1.74, 98.75,  ,  ,  , -0.6
16:23:01, 3381, 3172, 67792,  ,  , -1.70, 98.80,  ,  ,  , -0.7
16:23:03, 3380, 3171, 67798, 5.95, 118.50, -1.64, 98.80,  ,  ,  , -0.7
16:23:04, 3380, 3171, 67802, 7.15, 116.80, -1.61, 98.85,  , 41.449577, 1.938263, -0.7
16:23:08, 3376, 3167, 67833, 7.90, 123.20, -1.52, 99.00,  ,  ,  , -0.7
16:23:09, 3375, 3166, 67841, 9.25, 125.50, -1.51, 99.00,  ,  ,  , -0.9
16:23:10, 3374, 3165, 67850, 8.10, 123.90, -1.51, 99.05,  , 41.449308, 1.938842, -0.9
16:23:11, 3374, 3165, 67855, 8.05, 123.90, -1.51, 99.05,  ,  ,  , -1.0
16:23:12, 3373, 3164, 67861, 8.15, 136.50, -1.50, 99.05,  ,  ,  , -0.9
16:23:13, 3372, 3163, 67868, 6.00, 127.20, -1.50, 99.05,  , 41.449168, 1.939048, -0.8
16:23:15, 3369, 3160, 67896, 9.25, 127.60, -1.51, 99.05,  ,  ,  , -1.0
16:23:16, 3367, 3158, 67910, 9.30, 135.30, -1.51, 99.10,  , 41.448985, 1.939300, -1.1
16:23:20, 3364, 3155, 67933, 10.65, 129.90, -1.55, 99.15,  ,  ,  , -1.0
16:23:21, 3364, 3155, 67939, 9.55, 136.90, -1.55, 99.15,  ,  ,  , -1.0
16:23:22, 3363, 3154, 67946, 12.45, 127.90, -1.55, 99.15,  , 41.448595, 1.939865, -0.9
16:23:23, 3362, 3153, 67952, 10.70, 137.70, -1.55, 99.10,  ,  ,  , -1.0
16:23:24, 3361, 3152, 67959, 10.70, 137.70, -1.55, 99.10,  ,  ,  , -1.0
16:23:25, 3361, 3152, 67966, 9.90, 132.80, -1.54, 99.15,  , 41.448462, 1.940037, -1.0
16:23:26, 3360, 3151, 67972, 9.30, 123.60, -1.54, 99.15,  ,  ,  , -0.9
16:23:27, 3359, 3150, 67979, 9.30, 123.60, -1.54, 99.15,  ,  ,  , -0.8
16:23:28, 3358, 3149, 67986, 8.05, 112.50, -1.53, 99.15,  , 41.448300, 1.940297, -0.7
16:23:33, 3355, 3146, 68014, 8.30, 130.30, -1.51, 99.20,  ,  ,  , -0.7
16:23:34, 3354, 3145, 68020, 8.70, 131.60, -1.52, 99.20,  , 41.447970, 1.940845, -0.7
16:23:35, 3355, 3146, 68013, 8.70, 131.60, -1.52, 99.20,  ,  ,  , -0.6
16:23:36, 3356, 3147, 68006, 9.50, 138.70, -1.52, 99.20,  ,  ,  , -0.5
16:23:37, 3357, 3148, 68000, 10.15, 135.40, -1.52, 99.25,  , 41.447800, 1.941097, -0.4
16:23:38, 3356, 3147, 68002, 10.15, 135.40, -1.52, 99.25,  ,  ,  , -0.3
16:23:39, 3356, 3147, 68004, 8.35, 122.40, -1.53, 99.25,  ,  ,  , -0.3
16:23:40, 3356, 3147, 68006, 12.55, 121.30, -1.53, 99.25,  , 41.447710, 1.941293, -0.2
16:23:41, 3355, 3146, 68013,  ,  , -1.53, 99.25,  ,  ,  , -0.2
16:23:42, 3354, 3145, 68020,  ,  , -1.53, 99.25,  ,  ,  , -0.3
16:23:43, 3353, 3144, 68028,  ,  , -1.53, 99.25,  ,  ,  , -0.3
16:23:44, 3353, 3144, 68029, 9.20, 127.10, -1.54, 99.25,  ,  ,  , -0.3
16:23:45, 3353, 3144, 68030, 10.55, 117.80, -1.53, 99.30,  ,  ,  , -0.2
16:23:46, 3353, 3144, 68032, 7.20, 120.90, -1.53, 99.30, 8.25, 41.447425, 1.941875, -0.1
16:23:47, 3352, 3143, 68039, 9.85, 115.10, -1.52, 99.25,  ,  ,  , -0.2
16:23:48, 3351, 3142, 68047, 8.60, 113.30, -1.51, 99.25,  ,  ,  , -0.3
16:23:49, 3350, 3141, 68056, 7.65, 119.90, -1.51, 99.30,  , 41.447318, 1.942148, -0.4
16:23:50, 3350, 3141, 68059,  ,  , -1.49, 99.30,  ,  ,  , -0.5
16:23:51, 3349, 3140, 68063,  ,  , -1.48, 99.30,  ,  ,  , -0.6
16:23:52, 3349, 3140, 68068,  ,  , -1.48, 99.30,  ,  ,  , -0.6
16:23:53, 3348, 3139, 68074,  ,  , -1.47, 99.35,  ,  ,  , -0.6
16:23:54, 3347, 3138, 68080,  ,  , -1.47, 99.35,  ,  ,  , -0.6
16:23:55, 3346, 3137, 68086,  ,  , -1.46, 99.35,  ,  ,  , -0.6
16:23:56, 3345, 3136, 68095, 9.65, 108.10, -1.46, 99.35,  ,  ,  , -0.6
16:23:57, 3344, 3135, 68104, 9.05, 117.00, -1.45, 99.35,  ,  ,  , -0.7
16:23:58, 3343, 3134, 68114, 10.70, 120.90, -1.43, 99.35,  , 41.446920, 1.943022, -0.8
16:23:59, 3342, 3133, 68125, 10.70, 120.90, -1.43, 99.35,  ,  ,  , -0.8
16:24:00, 3340, 3131, 68136, 9.55, 116.80, -1.43, 99.40,  ,  ,  , -0.9
16:24:01, 3339, 3130, 68148, 9.85, 110.00, -1.42, 99.40,  , 41.446810, 1.943317, -0.9
16:24:02, 3338, 3129, 68159,  ,  , -1.40, 99.35,  ,  ,  , -1.0
16:24:03, 3336, 3127, 68171,  ,  , -1.40, 99.45,  ,  ,  , -1.1
16:24:04, 3335, 3126, 68184,  ,  , -1.39, 99.45,  ,  ,  , -1.1
16:24:05, 3334, 3125, 68193, 11.20, 117.90, -1.38, 99.45,  ,  ,  , -1.1
16:24:06, 3333, 3124, 68203, 10.25, 123.10, -1.38, 99.45,  ,  ,  , -1.2
16:24:07, 3331, 3122, 68214, 11.95, 120.40, -1.38, 99.45,  , 41.446543, 1.943970, -1.2
16:24:08, 3330, 3121, 68226, 9.70, 122.20, -1.37, 99.45,  ,  ,  , -1.3
16:24:09, 3329, 3120, 68238, 9.20, 119.70, -1.36, 99.45,  ,  ,  , -1.3
16:24:10, 3327, 3118, 68250, 9.50, 120.50, -1.34, 99.45,  , 41.446410, 1.944270, -1.3
16:24:11, 3326, 3117, 68259,  ,  , -1.33, 99.45,  ,  ,  , -1.3
16:24:12, 3325, 3116, 68268,  ,  , -1.33, 99.50,  ,  ,  , -1.3
16:24:13, 3324, 3115, 68278,  ,  , -1.33, 99.50, 7.75,  ,  , -1.3
16:24:14, 3324, 3115, 68279, 9.85, 123.90, -1.33, 99.50,  ,  ,  , -1.2
16:24:15, 3323, 3114, 68280, 9.85, 123.90, -1.32, 99.55,  ,  ,  , -1.1
16:24:16, 3323, 3114, 68282, 9.50, 116.20, -1.33, 99.55,  , 41.446112, 1.945000, -1.0
16:24:17, 3323, 3114, 68282,  ,  , -1.33, 99.55,  ,  ,  , -0.9
16:24:18, 3323, 3114, 68283,  ,  , -1.34, 99.55,  ,  ,  , -0.8
16:24:19, 3323, 3114, 68284,  ,  , -1.36, 99.55,  ,  ,  , -0.7
16:24:20, 3323, 3114, 68285, 9.55, 110.00, -1.36, 99.55,  ,  ,  , -0.6
16:24:21, 3323, 3114, 68286, 8.85, 115.70, -1.36, 99.55,  ,  ,  , -0.5
16:24:22, 3323, 3114, 68288, 10.50, 124.40, -1.35, 99.55,  , 41.445920, 1.945495, -0.4
16:24:26, 3318, 3109, 68325, 10.85, 125.50, -1.36, 99.55,  ,  ,  , -0.4
16:24:27, 3317, 3108, 68334, 12.45, 125.60, -1.35, 99.55,  ,  ,  , -0.5
16:24:28, 3316, 3107, 68344, 9.90, 117.80, -1.36, 99.55,  , 41.445638, 1.946143, -0.6
16:24:29, 3315, 3106, 68352, 9.90, 117.80, -1.37, 99.60,  ,  ,  , -0.7
16:24:30, 3314, 3105, 68360, 9.80, 122.90, -1.35, 99.60,  ,  ,  , -0.8
16:24:31, 3313, 3104, 68368, 9.25, 109.90, -1.35, 99.60,  , 41.445512, 1.946475, -0.8
16:24:33, 3312, 3103, 68381,  ,  , -1.35, 99.60,  ,  ,  , -0.9
16:24:34, 3311, 3102, 68388,  ,  , -1.35, 99.60,  ,  ,  , -1.0
16:24:35, 3311, 3102, 68385,  ,  , -1.35, 99.60,  ,  ,  , -0.9
16:24:36, 3312, 3103, 68382,  ,  , -1.35, 99.60,  ,  ,  , -0.8
16:24:37, 3312, 3103, 68380,  ,  , -1.36, 99.60,  ,  ,  , -0.7
16:24:38, 3311, 3102, 68385,  ,  , -1.36, 99.60,  ,  ,  , -0.7
16:24:39, 3311, 3102, 68390,  ,  , -1.36, 99.60,  ,  ,  , -0.6
16:24:40, 3310, 3101, 68396,  ,  , -1.41, 99.55, 7.25,  ,  , -0.6
16:24:41, 3309, 3100, 68407, 10.25, 125.60, -1.48, 99.55,  ,  ,  , -0.6
16:24:42, 3307, 3098, 68418, 11.10, 115.40, -1.52, 99.50,  ,  ,  , -0.6
16:24:43, 3306, 3097, 68430, 7.95, 126.20, -1.59, 99.40,  , 41.444967, 1.947702, -0.6
16:24:44, 3304, 3095, 68443, 11.95, 114.90, -1.64, 99.35,  ,  ,  , -0.7
16:24:45, 3303, 3094, 68456, 10.50, 112.10, -1.68, 99.25,  ,  ,  , -0.7
16:24:46, 3301, 3092, 68470, 10.30, 121.70, -1.70, 99.10,  , 41.444840, 1.948038, -0.8
16:24:50, 3295, 3086, 68523, 11.65, 118.30, -1.75, 98.60,  ,  ,  , -1.3
16:24:51, 3293, 3084, 68536, 8.40, 122.90, -1.70, 98.45,  ,  ,  , -1.4
16:24:52, 3292, 3083, 68550, 11.40, 115.40, -1.66, 98.45,  , 41.444565, 1.948818, -1.5
16:24:53, 3290, 3081, 68563,  ,  , -1.63, 98.40,  ,  ,  , -1.5
16:24:54, 3289, 3080, 68576,  ,  , -1.60, 98.45,  ,  ,  , -1.5
16:24:55, 3287, 3078, 68590,  ,  , -1.56, 98.55,  ,  ,  , -1.6
16:24:56, 3285, 3076, 68605, 9.30, 120.30, -1.52, 98.55,  ,  ,  , -1.6
16:24:57, 3283, 3074, 68621, 11.05, 121.70, -1.50, 98.65,  ,  ,  , -1.6
16:24:58, 3281, 3072, 68638, 10.25, 116.00, -1.46, 98.70,  , 41.444318, 1.949462, -1.6
16:25:00, 3280, 3071, 68651,  ,  , -1.39, 98.85,  ,  ,  , -1.5
16:25:01, 3279, 3070, 68658,  ,  , -1.37, 98.90,  ,  ,  , -1.5
16:25:04, 3275, 3066, 68690, 10.05, 107.30, -1.33, 99.05,  , 41.444113, 1.950015, -1.4
16:25:05, 3274, 3065, 68701,  ,  , -1.33, 99.10,  ,  ,  , -1.4
16:25:06, 3273, 3064, 68712,  ,  , -1.33, 99.15,  ,  ,  , -1.3
16:25:07, 3271, 3062, 68724,  ,  , -1.36, 99.15, 7.00,  ,  , -1.3
16:25:09, 3269, 3060, 68741, 12.55, 111.80, -1.37, 99.15,  ,  ,  , -1.2
16:25:10, 3268, 3059, 68750, 10.25, 119.00, -1.38, 99.15,  , 41.443798, 1.950805, -1.2
16:25:12, 3268, 3059, 68754, 10.70, 110.10, -1.40, 99.05,  ,  ,  , -1.0
16:25:13, 3268, 3059, 68756, 8.50, 117.30, -1.41, 99.05,  , 41.443687, 1.951128, -1.0
16:25:14, 3268, 3059, 68755,  ,  , -1.42, 99.00,  ,  ,  , -0.9
16:25:15, 3268, 3059, 68754,  ,  , -1.42, 99.00,  ,  ,  , -0.8
16:25:16, 3268, 3059, 68754,  ,  , -1.43, 98.95,  ,  ,  , -0.8
16:25:18, 3268, 3059, 68752, 9.70, 111.70, -1.45, 98.85,  ,  ,  , -0.5
16:25:19, 3268, 3059, 68752, 9.05, 120.00, -1.43, 98.80,  , 41.443458, 1.951725, -0.4
16:25:21, 3267, 3058, 68764, 7.35, 116.40, -1.43, 98.75,  ,  ,  , -0.2
16:25:22, 3266, 3057, 68770, 10.35, 113.80, -1.46, 98.70,  , 41.443392, 1.951912, -0.2
16:25:26, 3261, 3052, 68811, 8.60, 130.60, -1.40, 98.45,  ,  ,  , -0.5
16:25:27, 3260, 3051, 68821, 9.55, 109.90, -1.36, 98.45,  ,  ,  , -0.7
16:25:28, 3259, 3050, 68832, 9.45, 119.20, -1.33, 98.45,  , 41.443155, 1.952487, -0.8
16:25:29, 3257, 3048, 68846, 9.00, 123.20, -1.27, 98.50,  ,  ,  , -0.8
16:25:30, 3255, 3046, 68861, 10.70, 113.30, -1.25, 98.55,  ,  ,  , -1.1
16:25:31, 3254, 3045, 68876, 9.70, 131.10, -1.23, 98.60,  , 41.442980, 1.952878, -1.2
16:25:33, 3251, 3042, 68898, 9.90, 120.50, -1.20, 98.75,  ,  ,  , -1.3
16:25:34, 3250, 3041, 68910, 8.70, 117.60, -1.21, 98.80, 7.00, 41.442902, 1.953078, -1.4
16:25:38, 3242, 3033, 68973, 8.75, 120.10, -1.20, 98.85,  ,  ,  , -1.6
16:25:39, 3240, 3031, 68989, 9.05, 110.70, -1.18, 98.85,  ,  ,  , -1.6
16:25:40, 3238, 3029, 69006, 10.30, 126.90, -1.16, 98.85,  , 41.442662, 1.953678, -1.7
16:25:41, 3237, 3028, 69013, 9.15, 120.60, -1.15, 98.85,  ,  ,  , -1.6
16:25:42, 3237, 3028, 69019, 10.15, 111.40, -1.12, 98.85,  ,  ,  , -1.5
16:25:43, 3236, 3027, 69026, 9.00, 121.50, -1.10, 98.90,  , 41.442545, 1.953987, -1.4
16:25:47, 3234, 3025, 69041, 11.25, 121.10, -1.06, 99.00,  ,  ,  , -1.2
16:25:48, 3234, 3025, 69045, 10.50, 128.60, -1.05, 99.00,  ,  ,  , -1.1
16:25:49, 3233, 3024, 69050, 11.00, 124.50, -1.05, 99.05,  , 41.442238, 1.954670, -1.1
16:25:50, 3231, 3022, 69069, 11.00, 130.80, -1.05, 99.05,  ,  ,  , -0.9
16:25:51, 3229, 3020, 69084, 10.15, 129.10, -1.05, 99.05,  ,  ,  , -0.9
16:25:52, 3227, 3018, 69100, 10.85, 118.40, -1.05, 99.10,  , 41.442067, 1.954977, -0.9
16:25:53, 3226, 3017, 69110, 10.20, 124.00, -1.05, 99.15,  ,  ,  , -0.9
16:25:54, 3224, 3015, 69126, 11.45, 115.40, -1.05, 99.15,  ,  ,  , -1.0
16:25:55, 3222, 3013, 69142, 11.10, 122.00, -1.05, 99.15,  , 41.441920, 1.955315, -1.1
16:25:56, 3221, 3012, 69152, 11.45, 128.60, -1.04, 99.20,  ,  ,  , -1.2
16:25:57, 3220, 3011, 69163, 11.65, 118.70, -1.04, 99.25,  ,  ,  , -1.2
16:25:58, 3219, 3010, 69174, 9.80, 123.70, -1.04, 99.25,  , 41.441755, 1.955650, -1.2
16:25:59, 3218, 3009, 69177, 12.20, 126.00, -1.03, 99.25,  ,  ,  , -1.1
16:26:00, 3218, 3009, 69180, 9.65, 126.30, -1.03, 99.25,  ,  ,  , -1.3
16:26:01, 3217, 3008, 69184, 11.90, 125.90, -1.02, 99.25, 6.75, 41.441582, 1.955968, -1.2
16:26:05, 3214, 3005, 69215, 7.90, 125.60, -0.97, 99.25,  ,  ,  , -1.0
16:26:06, 3213, 3004, 69223, 11.80, 128.80, -0.96, 99.25,  ,  ,  , -1.0
16:26:07, 3212, 3003, 69232, 9.35, 128.40, -0.95, 99.25,  , 41.441243, 1.956563, -0.9
16:26:08, 3210, 3001, 69243, 10.75, 123.70, -0.93, 99.25,  ,  ,  , -0.9
16:26:09, 3209, 3000, 69255, 10.75, 123.70, -0.92, 99.25,  ,  ,  , -0.9
16:26:10, 3208, 2999, 69268, 10.60, 127.00, -0.91, 99.25,  , 41.441070, 1.956862, -0.9
16:26:11, 3206, 2997, 69280, 11.25, 131.70, -0.90, 99.30,  ,  ,  , -1.0
16:26:12, 3205, 2996, 69293, 9.60, 125.30, -0.89, 99.30,  ,  ,  , -1.0
16:26:13, 3203, 2994, 69306, 11.35, 128.10, -0.87, 99.40,  , 41.440817, 1.957257, -1.1
16:26:14, 3202, 2993, 69313,  ,  , -0.85, 99.35,  ,  ,  , -1.2
16:26:15, 3201, 2992, 69321,  ,  , -0.85, 99.35,  ,  ,  , -1.2
16:26:16, 3200, 2991, 69330,  ,  , -0.88, 99.35,  ,  ,  , -1.1
16:26:17, 3200, 2991, 69335, 10.60, 134.70, -0.90, 99.35,  ,  ,  , -1.2
16:26:18, 3199, 2990, 69340, 10.75, 131.40, -0.92, 99.35,  ,  ,  , -1.1
16:26:19, 3199, 2990, 69346, 12.60, 131.90, -0.94, 99.25,  , 41.440483, 1.957760, -1.1
16:26:20, 3198, 2989, 69350, 10.65, 130.20, -0.94, 99.15,  ,  ,  , -1.1
16:26:21, 3197, 2988, 69355, 10.25, 130.50, -0.92, 99.00,  ,  ,  , -1.0
16:26:22, 3197, 2988, 69360, 12.55, 129.30, -0.93, 98.95,  , 41.440288, 1.958067, -0.9
16:26:23, 3197, 2988, 69359, 12.55, 129.30, -0.95, 98.95,  ,  ,  , -0.8
16:26:24, 3197, 2988, 69358, 12.10, 117.90, -0.96, 98.85,  ,  ,  , -0.6
16:26:25, 3197, 2988, 69358, 11.90, 128.00, -0.96, 98.75,  , 41.440110, 1.958402, -0.5
16:26:27, 3196, 2987, 69371, 11.30, 118.70, -0.95, 98.50,  ,  ,  , -0.5
16:26:28, 3195, 2986, 69378, 10.40, 127.40, -0.94, 98.40, 6.50, 41.439937, 1.958755, -0.5
16:26:29, 3194, 2985, 69386, 12.00, 116.70, -0.93, 98.40,  ,  ,  , -0.5
16:26:30, 3193, 2984, 69394, 10.15, 119.90, -0.94, 98.25,  ,  ,  , -0.5
16:26:31, 3192, 2983, 69402, 12.90, 124.80, -0.94, 98.15,  , 41.439778, 1.959102, -0.5
16:26:32, 3191, 2982, 69413, 11.10, 115.10, -0.94, 98.05,  ,  ,  , -0.6
16:26:33, 3189, 2980, 69425, 12.50, 125.50, -0.93, 97.85,  ,  ,  , -0.7
16:26:34, 3188, 2979, 69438, 11.80, 115.80, -0.92, 97.75,  , 41.439560, 1.959590, -0.8
16:26:35, 3187, 2978, 69443, 11.80, 115.80, -0.92, 97.65,  ,  ,  , -0.8
16:26:36, 3186, 2977, 69449, 11.60, 124.50, -0.92, 97.50,  ,  ,  , -0.8
16:26:37, 3186, 2977, 69456, 10.45, 115.40, -0.91, 97.35,  , 41.439455, 1.959815, -0.9
16:26:38, 3185, 2976, 69459, 10.40, 115.40, -0.90, 97.30,  ,  ,  , -0.9
16:26:39, 3185, 2976, 69462, 11.55, 119.60, -0.89, 97.15,  ,  ,  , -0.9
16:26:40, 3185, 2976, 69466, 12.25, 120.20, -0.88, 97.05,  , 41.439298, 1.960163, -0.9
16:26:41, 3184, 2975, 69470,  ,  , -0.85, 97.00,  ,  ,  , -0.8
16:26:42, 3183, 2974, 69475,  ,  , -0.83, 96.85,  ,  ,  , -0.8
16:26:43, 3183, 2974, 69480,  ,  , -0.82, 96.80,  ,  ,  , -0.8
16:26:47, 3180, 2971, 69506, 12.80, 127.80, -0.79, 96.55,  ,  ,  , -0.6
16:26:48, 3179, 2970, 69513, 11.85, 126.60, -0.80, 96.45,  ,  ,  , -0.6
16:26:49, 3178, 2969, 69520, 11.70, 112.00, -0.80, 96.35,  , 41.438752, 1.961360, -0.6
16:26:50, 3177, 2968, 69530, 11.75, 112.00, -0.79, 96.20,  ,  ,  , -0.7
16:26:51, 3176, 2967, 69541, 10.95, 119.10, -0.82, 96.10,  ,  ,  , -0.7
16:26:52, 3174, 2965, 69552, 10.25, 107.00, -0.82, 96.00,  , 41.438660, 1.961592, -0.8
16:26:53, 3173, 2964, 69563, 11.90, 126.60, -0.82, 95.85,  ,  ,  , -0.9
16:26:54, 3172, 2963, 69575, 10.30, 103.40, -0.80, 95.65,  ,  ,  , -0.9
16:26:55, 3170, 2961, 69588, 11.40, 124.20, -0.79, 95.45, 6.50, 41.438532, 1.961940, -1.0
16:26:59, 3167, 2958, 69613, 10.75, 121.10, -0.74, 95.00,  ,  ,  , -1.0
16:27:00, 3167, 2958, 69619, 12.25, 123.10, -0.72, 94.95,  ,  ,  , -1.0
16:27:01, 3166, 2957, 69626, 11.95, 120.50, -0.71, 94.85,  , 41.438243, 1.962623, -1.0
16:27:03, 3165, 2956, 69636,  ,  , -0.66, 94.70,  ,  ,  , -1.0
16:27:04, 3164, 2955, 69642,  ,  , -0.65, 94.55,  ,  ,  , -0.9
16:27:05, 3163, 2954, 69650, 12.60, 115.30, -0.64, 94.45,  ,  ,  , -0.8
16:27:06, 3162, 2953, 69657, 11.85, 116.60, -0.62, 94.35,  ,  ,  , -0.8
16:27:07, 3161, 2952, 69664, 11.90, 125.00, -0.60, 94.20,  , 41.437835, 1.963508, -0.7
16:27:08, 3161, 2952, 69666, 11.95, 125.00, -0.58, 94.05,  ,  ,  , -0.7
16:27:09, 3161, 2952, 69669, 13.05, 125.10, -0.58, 94.05,  ,  ,  , -0.7
16:27:10, 3161, 2952, 69672, 12.15, 119.60, -0.58, 94.00,  , 41.437657, 1.963893, -0.7
16:27:11, 3160, 2951, 69673, 12.10, 119.60, -0.58, 94.00,  ,  ,  , -0.6
16:27:12, 3160, 2951, 69675, 13.55, 128.10, -0.57, 94.00,  ,  ,  , -0.6
16:27:13, 3160, 2951, 69678, 12.35, 124.50, -0.57, 93.90,  , 41.437522, 1.964142, -0.5
16:27:14, 3159, 2950, 69681, 13.40, 122.40, -0.54, 93.85,  ,  ,  , -0.5
16:27:15, 3159, 2950, 69684, 12.15, 131.60, -0.53, 93.75,  ,  ,  , -0.5
16:27:16, 3159, 2950, 69688, 12.15, 124.70, -0.52, 93.70,  , 41.437248, 1.964630, -0.4
16:27:17, 3158, 2949, 69690, 12.20, 124.70, -0.50, 93.70,  ,  ,  , -0.4
16:27:18, 3158, 2949, 69693, 12.75, 124.60, -0.49, 93.60,  ,  ,  , -0.4
16:27:19, 3158, 2949, 69696, 12.05, 127.70, -0.48, 93.60,  , 41.437038, 1.964988, -0.4
16:27:20, 3157, 2948, 69698, 12.05, 133.50, -0.47, 93.55,  ,  ,  , -0.3
16:27:21, 3157, 2948, 69701, 12.05, 133.50, -0.46, 93.50,  ,  ,  , -0.3
16:27:22, 3157, 2948, 69704, 12.70, 128.00, -0.47, 93.40, 6.50, 41.436910, 1.965235, -0.3
16:27:23, 3156, 2947, 69706, 12.70, 128.00, -0.47, 93.30,  ,  ,  , -0.3
16:27:24, 3156, 2947, 69709, 11.05, 123.70, -0.49, 93.20,  ,  ,  , -0.3
16:27:25, 3156, 2947, 69712, 12.50, 128.20, -0.47, 93.00,  , 41.436722, 1.965568, -0.3
16:27:26, 3156, 2947, 69713, 12.50, 128.20, -0.46, 92.75,  ,  ,  , -0.3
16:27:27, 3155, 2946, 69715, 13.35, 125.20, -0.44, 92.55,  ,  ,  , -0.3
16:27:28, 3155, 2946, 69718, 11.45, 122.60, -0.43, 92.25,  , 41.436532, 1.965915, -0.3
16:27:30, 3154, 2945, 69731, 12.00, 125.50, -0.41, 91.75,  ,  ,  , -0.4
16:27:31, 3153, 2944, 69738, 10.00, 125.30, -0.39, 91.50,  , 41.436350, 1.966228, -0.4
16:27:34, 3152, 2943, 69748, 10.35, 130.00, -0.36, 90.80,  , 41.436178, 1.966550, -0.4
16:27:39, 3153, 2944, 69734, 11.75, 129.70, -0.30, 89.85,  ,  ,  , -0.2
16:27:40, 3154, 2945, 69732, 10.85, 134.90, -0.29, 89.65,  , 41.435747, 1.967267, -0.1
16:27:42, 3154, 2945, 69726, 10.70, 132.50, -0.30, 89.35,  ,  ,  , 0
16:27:43, 3154, 2945, 69724, 10.45, 118.40, -0.29, 89.20,  , 41.435637, 1.967465, 0.1
16:27:45, 3155, 2946, 69716, 10.20, 130.70, -0.28, 88.90,  ,  ,  , 0.2
16:27:46, 3156, 2947, 69712, 10.45, 115.90, -0.28, 88.75,  , 41.435423, 1.967880, 0.3
16:27:47, 3156, 2947, 69708, 10.45, 115.90, -0.28, 88.65,  ,  ,  , 0.4
16:27:48, 3157, 2948, 69704, 11.40, 127.20, -0.27, 88.50,  ,  ,  , 0.4
16:27:49, 3157, 2948, 69700, 10.80, 129.50, -0.26, 88.35, 6.50, 41.435298, 1.968090, 0.4
16:27:50, 3158, 2949, 69695, 12.60, 131.50, -0.26, 88.15,  ,  ,  , 0.4
16:27:51, 3158, 2949, 69690, 12.60, 131.50, -0.24, 88.00,  ,  ,  , 0.4
16:27:52, 3159, 2950, 69686, 11.55, 128.70, -0.23, 87.80,  , 41.435110, 1.968410, 0.4
16:27:53, 3159, 2950, 69681, 11.40, 124.20, -0.24, 87.60,  ,  ,  , 0.5
16:27:54, 3160, 2951, 69676, 9.75, 122.20, -0.24, 87.40,  ,  ,  , 0.5
16:27:55, 3161, 2952, 69672, 11.40, 128.20, -0.24, 87.25,  , 41.434943, 1.968730, 0.5
16:27:56, 3162, 2953, 69662, 9.85, 121.00, -0.26, 87.10,  ,  ,  , 0.5
16:27:57, 3163, 2954, 69653, 11.00, 125.90, -0.23, 87.05,  ,  ,  , 0.6
16:27:58, 3164, 2955, 69644, 10.30, 117.10, -0.23, 86.95,  , 41.434788, 1.969047, 0.6
16:27:59, 3164, 2955, 69638,  ,  , -0.21, 86.90,  ,  ,  , 0.7
16:28:00, 3165, 2956, 69632,  ,  , -0.19, 86.75,  ,  ,  , 0.7
16:28:01, 3166, 2957, 69626,  ,  , -0.20, 86.50,  ,  ,  , 0.7
16:28:03, 3168, 2959, 69605, 9.95, 116.30, -0.18, 86.05,  ,  ,  , 0.8
16:28:04, 3169, 2960, 69596, 9.75, 126.40, -0.20, 85.90,  , 41.434490, 1.969678, 0.9
16:28:05, 3171, 2962, 69585, 9.65, 121.00, -0.21, 85.80,  ,  ,  , 0.9
16:28:06, 3172, 2963, 69575, 9.65, 121.00, -0.21, 85.75,  ,  ,  , 0.9
16:28:07, 3173, 2964, 69566, 9.00, 117.60, -0.21, 85.65,  , 41.434357, 1.969985, 1.0
16:28:11, 3178, 2969, 69520,  ,  , -0.23, 85.35,  ,  ,  , 1.1
16:28:12, 3179, 2970, 69509,  ,  , -0.23, 85.30,  ,  ,  , 1.2
16:28:13, 3181, 2972, 69498,  ,  , -0.21, 85.25,  ,  ,  , 1.2
16:28:14, 3182, 2973, 69489,  ,  , -0.21, 85.25,  ,  ,  , 1.2
16:28:15, 3183, 2974, 69480,  ,  , -0.21, 85.15,  ,  ,  , 1.2
16:28:16, 3184, 2975, 69472,  ,  , -0.21, 85.05, 6.50,  ,  , 1.2
16:28:17, 3185, 2976, 69462, 10.85, 125.60, -0.21, 84.95,  ,  ,  , 1.2
16:28:18, 3186, 2977, 69452, 10.85, 125.60, -0.21, 84.85,  ,  ,  , 1.2
16:28:19, 3187, 2978, 69442, 9.10, 129.00, -0.20, 84.70,  , 41.433782, 1.971220, 1.2
16:28:23, 3192, 2983, 69398,  ,  , -0.24, 84.20,  ,  ,  , 1.2
16:28:24, 3194, 2985, 69387,  ,  , -0.24, 84.10,  ,  ,  , 1.2
16:28:25, 3195, 2986, 69376,  ,  , -0.23, 84.00,  ,  ,  , 1.2
16:28:26, 3197, 2988, 69362, 9.75, 122.00, -0.23, 83.90,  ,  ,  , 1.2
16:28:27, 3198, 2989, 69349, 10.00, 118.60, -0.23, 83.85,  ,  ,  , 1.3
16:28:28, 3200, 2991, 69336, 10.70, 119.30, -0.23, 83.80,  , 41.433293, 1.972272, 1.3
16:28:29, 3201, 2992, 69322, 10.70, 119.30, -0.24, 83.75,  ,  ,  , 1.4
16:28:30, 3203, 2994, 69308, 10.95, 112.90, -0.26, 83.65,  ,  ,  , 1.4
16:28:31, 3205, 2996, 69294, 10.20, 124.80, -0.27, 83.60,  , 41.433200, 1.972490, 1.4
16:28:33, 3207, 2998, 69270, 10.60, 123.00, -0.26, 83.55,  ,  ,  , 1.4
16:28:34, 3209, 3000, 69258, 10.40, 123.60, -0.26, 83.50,  , 41.433038, 1.972800, 1.4
16:28:35, 3210, 3001, 69243,  ,  , -0.28, 83.35,  ,  ,  , 1.5
16:28:36, 3212, 3003, 69228,  ,  , -0.30, 83.25,  ,  ,  , 1.5
16:28:37, 3214, 3005, 69214,  ,  , -0.32, 83.15,  ,  ,  , 1.6
16:28:38, 3216, 3007, 69199, 11.15, 122.90, -0.34, 83.05,  ,  ,  , 1.6
16:28:39, 3217, 3008, 69184, 11.15, 122.90, -0.35, 83.00,  ,  ,  , 1.6
16:28:40, 3219, 3010, 69170, 8.35, 117.50, -0.35, 82.90,  , 41.432740, 1.973403, 1.6
16:28:41, 3221, 3012, 69156, 8.20, 123.30, -0.36, 82.80,  ,  ,  , 1.6
16:28:42, 3222, 3013, 69143, 8.95, 112.50, -0.38, 82.70,  ,  ,  , 1.6
16:28:43, 3224, 3015, 69130, 10.65, 122.50, -0.39, 82.65, 6.50, 41.432613, 1.973693, 1.6
16:28:44, 3225, 3016, 69117,  ,  , -0.39, 82.60,  ,  ,  , 1.6
16:28:45, 3227, 3018, 69104,  ,  , -0.41, 82.55,  ,  ,  , 1.6
16:28:46, 3228, 3019, 69092,  ,  , -0.41, 82.50,  ,  ,  , 1.6
16:28:47, 3230, 3021, 69076, 10.20, 114.80, -0.42, 82.50,  ,  ,  , 1.6
16:28:48, 3232, 3023, 69061, 10.15, 130.80, -0.42, 82.40,  ,  ,  , 1.6
16:28:49, 3234, 3025, 69046, 9.35, 116.90, -0.43, 82.35,  , 41.432353, 1.974303, 1.6
16:28:50, 3235, 3026, 69031, 11.00, 129.50, -0.44, 82.30,  ,  ,  , 1.6
16:28:51, 3237, 3028, 69017, 9.65, 124.50, -0.44, 82.25,  ,  ,  , 1.6
16:28:52, 3239, 3030, 69004, 11.00, 115.50, -0.44, 82.20,  , 41.432197, 1.974608, 1.6
16:28:53, 3240, 3031, 68991, 9.20, 121.60, -0.43, 82.15,  ,  ,  , 1.6
16:28:54, 3242, 3033, 68978, 10.00, 113.90, -0.46, 82.05,  ,  ,  , 1.6
16:28:55, 3243, 3034, 68966, 11.00, 122.10, -0.46, 82.00,  , 41.432025, 1.975035, 1.6
16:28:59, 3250, 3041, 68910,  ,  , -0.54, 81.95,  ,  ,  , 1.6
16:29:00, 3251, 3042, 68896,  ,  , -0.56, 81.90,  ,  ,  , 1.6
16:29:01, 3253, 3044, 68882,  ,  , -0.58, 81.90,  ,  ,  , 1.6
16:29:03, 3256, 3047, 68858, 9.30, 119.90, -0.58, 81.95,  ,  ,  , 1.6
16:29:04, 3257, 3048, 68846, 10.45, 111.80, -0.58, 82.00,  , 41.431692, 1.975872, 1.6
16:29:05, 3259, 3050, 68830, 10.45, 111.80, -0.61, 82.00,  ,  ,  , 1.6
16:29:06, 3261, 3052, 68815, 9.65, 117.10, -0.63, 82.05,  ,  ,  , 1.6
16:29:07, 3262, 3053, 68800, 9.25, 122.60, -0.64, 82.05,  , 41.431555, 1.976173, 1.6
16:29:11, 3273, 3064, 68714, 10.20, 110.20, -0.67, 82.25,  ,  ,  , 1.9
16:29:12, 3275, 3066, 68693, 10.75, 117.60, -0.68, 82.35,  ,  ,  , 2.0
16:29:13, 3277, 3068, 68672, 9.20, 120.80, -0.69, 82.40,  , 41.431265, 1.976897, 2.0
16:29:17, 3290, 3081, 68567, 9.95, 118.70, -0.76, 82.60,  ,  ,  , 2.6
16:29:18, 3293, 3084, 68541, 8.70, 128.50, -0.77, 82.60,  ,  ,  , 2.7
16:29:19, 3296, 3087, 68516, 10.45, 134.00, -0.79, 82.60,  , 41.431017, 1.977363, 2.8
16:29:20, 3299, 3090, 68485, 11.55, 130.60, -0.82, 82.65,  ,  ,  , 2.8
16:29:21, 3303, 3094, 68452, 9.20, 128.70, -0.83, 82.70,  ,  ,  , 2.9
16:29:22, 3307, 3098, 68420, 10.90, 123.90, -0.85, 82.75,  , 41.430840, 1.977655, 3.0
16:29:23, 3311, 3102, 68386, 10.90, 123.90, -0.85, 82.80,  ,  ,  , 3.0
16:29:24, 3315, 3106, 68354, 9.35, 120.20, -0.87, 82.85,  ,  ,  , 3.3
16:29:25, 3319, 3110, 68322, 10.45, 125.70, -0.89, 82.85,  , 41.430695, 1.977945, 3.4
16:29:26, 3322, 3113, 68293,  ,  , -0.90, 82.90,  ,  ,  , 3.4
16:29:27, 3325, 3116, 68265,  ,  , -0.89, 82.95,  ,  ,  , 3.4
16:29:28, 3329, 3120, 68238,  ,  , -0.88, 83.00,  ,  ,  , 3.4
16:29:29, 3332, 3123, 68211, 8.60, 129.10, -0.80, 83.05,  ,  ,  , 3.4
16:29:30, 3335, 3126, 68184, 11.00, 133.70, -0.82, 83.10,  ,  ,  , 3.5
16:29:31, 3338, 3129, 68158, 9.05, 125.10, -0.79, 83.15,  , 41.430368, 1.978537, 3.5
16:29:34, 3347, 3138, 68078, 10.00, 120.40, -0.68, 83.30,  , 41.430208, 1.978805, 3.4
16:29:35, 3351, 3142, 68046, 10.00, 120.40, -0.71, 83.25,  ,  ,  , 3.4
16:29:36, 3355, 3146, 68016, 8.60, 121.70, -0.68, 83.20,  ,  ,  , 3.4
16:29:37, 3358, 3149, 67986, 9.85, 129.70, -0.69, 83.20, 7.25, 41.430055, 1.979082, 3.3
16:29:38, 3362, 3153, 67953, 9.85, 129.70, -0.68, 83.15,  ,  ,  , 3.3
16:29:39, 3366, 3157, 67921, 10.60, 124.50, -0.71, 83.05,  ,  ,  , 3.4
16:29:40, 3370, 3161, 67890, 8.40, 131.10, -0.72, 83.00,  , 41.429897, 1.979358, 3.4
16:29:41, 3374, 3165, 67854, 8.45, 131.10, -0.68, 82.90,  ,  ,  , 3.5
16:29:42, 3378, 3169, 67820, 10.25, 134.00, -0.72, 82.85,  ,  ,  , 3.6
16:29:43, 3382, 3173, 67786, 9.35, 123.60, -0.73, 82.75,  , 41.429737, 1.979625, 3.6
16:29:47, 3396, 3187, 67662, 8.80, 134.10, -0.82, 82.50,  ,  ,  , 3.8
16:29:48, 3400, 3191, 67631, 8.80, 134.10, -0.82, 82.45,  ,  ,  , 3.8
16:29:49, 3404, 3195, 67600, 9.90, 134.40, -0.87, 82.40,  , 41.429405, 1.980172, 3.8
16:29:50, 3408, 3199, 67566, 8.75, 123.20, -0.83, 82.35,  ,  ,  , 3.8
16:29:51, 3412, 3203, 67535, 8.75, 123.20, -0.87, 82.30,  ,  ,  , 3.8
16:29:52, 3415, 3206, 67504, 8.40, 128.80, -0.91, 82.30,  , 41.429242, 1.980423, 3.8
16:29:53, 3419, 3210, 67474, 8.40, 128.80, -0.89, 82.30,  ,  ,  , 3.8
16:29:54, 3423, 3214, 67443, 8.35, 139.70, -0.92, 82.30,  ,  ,  , 3.8
16:29:55, 3426, 3217, 67412, 10.30, 123.50, -0.92, 82.35,  , 41.429078, 1.980667, 3.7
16:29:56, 3430, 3221, 67380, 7.85, 139.20, -0.94, 82.40,  ,  ,  , 3.7
16:29:57, 3434, 3225, 67349, 10.50, 124.50, -0.97, 82.40,  ,  ,  , 3.7
16:29:58, 3437, 3228, 67318, 9.20, 135.80, -1.02, 82.40,  , 41.428915, 1.980923, 3.7
16:30:00, 3444, 3235, 67266,  ,  , -1.02, 82.45,  ,  ,  , 3.6
16:30:01, 3447, 3238, 67240,  ,  , -1.05, 82.45,  ,  ,  , 3.6
16:30:04, 3457, 3248, 67154, 7.65, 126.10, -1.15, 82.50, 8.25, 41.428608, 1.981418, 3.5
16:30:06, 3464, 3255, 67096, 8.90, 129.30, -1.19, 82.50,  ,  ,  , 3.5
16:30:07, 3467, 3258, 67068, 9.05, 120.20, -1.18, 82.55,  , 41.428458, 1.981667, 3.4
16:30:12, 3486, 3277, 66912, 9.45, 121.70, -1.33, 82.70,  ,  ,  , 3.5
16:30:13, 3489, 3280, 66882, 9.05, 138.80, -1.37, 82.80,  , 41.428153, 1.982168, 3.5
16:30:14, 3493, 3284, 66851,  ,  , -1.40, 82.90,  ,  ,  , 3.6
16:30:15, 3497, 3288, 66818,  ,  , -1.43, 82.90,  ,  ,  , 3.6
16:30:16, 3501, 3292, 66786,  ,  , -1.51, 82.95,  ,  ,  , 3.7
16:30:18, 3509, 3300, 66718, 8.00, 128.20, -1.51, 83.05,  ,  ,  , 3.7
16:30:19, 3513, 3304, 66684, 10.35, 121.50, -1.52, 83.10,  , 41.427858, 1.982712, 3.8
16:30:23, 3529, 3320, 66550, 10.75, 121.70, -1.69, 83.15,  ,  ,  , 3.9
16:30:24, 3533, 3324, 66517, 10.35, 127.00, -1.76, 83.20,  ,  ,  , 3.9
16:30:25, 3537, 3328, 66484, 9.55, 128.60, -1.79, 83.25,  , 41.427575, 1.983293, 4.0
16:30:29, 3553, 3344, 66354, 9.65, 127.90, -1.84, 83.60,  ,  ,  , 4.0
16:30:30, 3557, 3348, 66322, 9.40, 128.50, -1.91, 83.75,  ,  ,  , 4.0
16:30:31, 3561, 3352, 66290, 10.80, 132.50, -1.96, 83.85, 9.50, 41.427252, 1.983837, 3.9
16:30:35, 3577, 3368, 66151, 8.55, 132.40, -2.05, 84.35,  ,  ,  , 4.0
16:30:36, 3582, 3373, 66116, 10.10, 130.50, -2.11, 84.45,  ,  ,  , 4.0
16:30:37, 3586, 3377, 66082, 7.30, 137.80, -2.13, 84.55,  , 41.426922, 1.984298, 4.0
16:30:44, 3620, 3411, 65795, 10.85, 130.70, -2.45, 85.05,  ,  ,  , 4.6
16:30:45, 3625, 3416, 65754, 8.50, 132.10, -2.43, 85.25,  ,  ,  , 4.6
16:30:46, 3630, 3421, 65714, 11.00, 127.00, -2.45, 85.35,  , 41.426357, 1.985137, 4.6
16:30:47, 3635, 3426, 65677, 11.00, 127.00, -2.45, 85.50,  ,  ,  , 4.8
16:30:48, 3639, 3430, 65641, 11.10, 123.30, -2.46, 85.60,  ,  ,  , 4.8
16:30:49, 3643, 3434, 65606, 9.65, 135.50, -2.46, 85.70,  , 41.426180, 1.985405, 4.8
16:30:50, 3647, 3438, 65576, 9.65, 135.50, -2.46, 85.85,  ,  ,  , 4.7
16:30:51, 3651, 3442, 65546, 10.75, 120.80, -2.45, 85.95,  ,  ,  , 4.7
16:30:52, 3654, 3445, 65516, 9.40, 136.20, -2.46, 86.05,  , 41.426075, 1.985600, 4.6
16:30:53, 3659, 3450, 65477, 10.55, 115.20, -2.61, 86.10,  ,  ,  , 4.6
16:30:54, 3664, 3455, 65439, 11.15, 127.90, -2.68, 86.20,  ,  ,  , 4.6
16:30:55, 3668, 3459, 65402, 9.50, 131.50, -2.58, 86.35,  , 41.425905, 1.985895, 4.6
16:30:59, 3686, 3477, 65259, 10.25, 127.20, -2.66, 86.70,  ,  ,  , 4.3
16:31:00, 3690, 3481, 65223, 10.25, 127.20, -2.70, 86.75,  ,  ,  , 4.3
16:31:01, 3694, 3485, 65188, 9.85, 125.20, -2.75, 86.85,  , 41.425560, 1.986442, 4.3
16:31:04, 3704, 3495, 65110, 9.00, 127.10, -2.73, 87.10,  , 41.425380, 1.986702, 4.1
16:31:05, 3709, 3500, 65071, 10.40, 130.40, -2.81, 87.10,  ,  ,  , 4.1
16:31:06, 3713, 3504, 65034, 9.45, 121.20, -2.86, 87.20,  ,  ,  , 4.1
16:31:07, 3718, 3509, 64998, 10.05, 131.60, -2.86, 87.25,  , 41.425223, 1.986980, 4.1
16:31:08, 3721, 3512, 64968, 10.05, 131.60, -2.87, 87.35,  ,  ,  , 4.0
16:31:09, 3725, 3516, 64938, 9.70, 133.30, -2.86, 87.40,  ,  ,  , 4.0
16:31:10, 3729, 3520, 64908, 9.15, 129.70, -2.92, 87.45,  , 41.425000, 1.987308, 4.0
16:31:14, 3740, 3531, 64811, 9.85, 140.90, -2.97, 87.65,  ,  ,  , 3.5
16:31:15, 3744, 3535, 64786, 9.85, 140.90, -2.98, 87.65,  ,  ,  , 3.5
16:31:16, 3747, 3538, 64762, 9.35, 143.90, -3.00, 87.70,  , 41.424635, 1.987802, 3.5
16:31:17, 3749, 3540, 64741, 11.05, 128.50, -3.05, 87.75,  ,  ,  , 3.5
16:31:18, 3752, 3543, 64719, 11.05, 128.50, -3.08, 87.75,  ,  ,  , 3.4
16:31:19, 3754, 3545, 64698, 10.45, 141.00, -3.10, 87.75,  , 41.424450, 1.988052, 3.2
16:31:20, 3757, 3548, 64677, 10.50, 141.00, -3.15, 87.70,  ,  ,  , 3.1
16:31:21, 3760, 3551, 64656, 8.95, 134.70, -3.14, 87.70,  ,  ,  , 3.0
16:31:22, 3762, 3553, 64636, 9.75, 129.80, -3.16, 87.65,  , 41.424338, 1.988220, 2.9
16:31:26, 3773, 3564, 64549,  ,  , -3.32, 87.60,  ,  ,  , 2.8
16:31:27, 3775, 3566, 64527,  ,  , -3.40, 87.60,  ,  ,  , 2.7
16:31:28, 3778, 3569, 64506,  ,  , -3.44, 87.55,  ,  ,  , 2.7
16:31:29, 3781, 3572, 64484, 11.05, 135.40, -3.49, 87.55,  ,  ,  , 2.6
16:31:30, 3784, 3575, 64461, 10.00, 123.80, -3.53, 87.45,  ,  ,  , 2.7
16:31:31, 3786, 3577, 64438, 10.35, 133.60, -3.52, 87.45,  , 41.423808, 1.989012, 2.7
16:31:32, 3789, 3580, 64413, 10.30, 133.60, -3.54, 87.35,  ,  ,  , 2.7
16:31:33, 3792, 3583, 64392, 9.45, 128.50, -3.57, 87.35,  ,  ,  , 2.7
16:31:34, 3795, 3586, 64372, 10.00, 137.60, -3.40, 87.35,  , 41.423628, 1.989280, 2.7
16:31:35, 3797, 3588, 64349,  ,  , -3.40, 87.30,  ,  ,  , 2.7
16:31:36, 3801, 3592, 64323,  ,  , -3.48, 87.25,  ,  ,  , 2.7
16:31:37, 3804, 3595, 64298,  ,  , -3.53, 87.05,  ,  ,  , 2.8
16:31:38, 3806, 3597, 64277, 10.25, 134.30, -3.55, 86.85,  ,  ,  , 2.8
16:31:39, 3809, 3600, 64253, 11.35, 127.60, -3.53, 86.60,  ,  ,  , 2.8
16:31:40, 3812, 3603, 64230, 9.85, 119.00, -3.50, 86.35,  , 41.423280, 1.989840, 2.8
16:31:41, 3815, 3606, 64208, 11.60, 121.60, -3.42, 85.85,  ,  ,  , 2.8
16:31:42, 3817, 3608, 64188, 10.30, 120.60, -3.35, 85.10,  ,  ,  , 2.8
16:31:43, 3820, 3611, 64168, 10.75, 130.10, -3.27, 84.25,  , 41.423125, 1.990168, 2.8
16:31:53, 3856, 3647, 63881, 12.95, 123.50, -2.64, 73.15,  ,  ,  , 3.3
16:31:54, 3859, 3650, 63852, 12.45, 113.80, -2.66, 72.30,  ,  ,  , 3.4
16:31:55, 3863, 3654, 63824, 12.25, 118.30, -2.59, 71.55,  , 41.422488, 1.991625, 3.5
16:31:56, 3866, 3657, 63799, 14.30, 121.40, -2.59, 70.80,  ,  ,  , 3.5
16:31:57, 3868, 3659, 63777, 13.40, 113.60, -2.58, 70.10,  ,  ,  , 3.4
16:31:58, 3871, 3662, 63756, 14.25, 122.10, -2.45, 69.50,  , 41.422260, 1.992195, 3.4
16:31:59, 3873, 3664, 63738, 14.25, 122.10, -2.52, 69.10,  ,  ,  , 3.4
16:32:00, 3876, 3667, 63717, 13.60, 113.50, -2.64, 68.85,  ,  ,  , 3.3
16:32:01, 3879, 3670, 63696, 13.20, 117.60, -2.61, 68.80,  , 41.422108, 1.992635, 3.3
16:32:04, 3886, 3677, 63638, 12.85, 117.70, -2.78, 68.70,  , 41.422007, 1.992945, 3.2
16:32:05, 3888, 3679, 63622, 15.30, 114.40, -2.84, 68.55,  ,  ,  , 3.1
16:32:06, 3890, 3681, 63606, 13.10, 116.00, -2.79, 68.40,  ,  ,  , 2.7
16:32:07, 3892, 3683, 63590, 15.30, 118.50, -2.85, 68.15,  , 41.421838, 1.993403, 2.5
16:32:08, 3895, 3686, 63569,  ,  , -2.92, 67.90,  ,  ,  , 2.5
16:32:09, 3897, 3688, 63547,  ,  , -2.87, 67.65,  ,  ,  , 2.5
16:32:10, 3900, 3691, 63526,  ,  , -2.92, 67.45,  ,  ,  , 2.5
16:32:11, 3902, 3693, 63506, 15.90, 114.80, -2.88, 67.25,  ,  ,  , 2.4
16:32:12, 3905, 3696, 63488, 15.55, 115.00, -2.92, 67.00,  ,  ,  , 2.4
16:32:13, 3907, 3698, 63470, 14.20, 110.60, -2.95, 66.80,  , 41.421492, 1.994337, 2.4
16:32:14, 3910, 3701, 63449, 14.95, 117.40, -2.85, 66.50,  ,  ,  , 2.3
16:32:15, 3912, 3703, 63431, 15.20, 108.90, -2.88, 66.10,  ,  ,  , 2.3
16:32:16, 3914, 3705, 63414, 13.95, 114.40, -2.84, 65.80,  , 41.421333, 1.994823, 2.3
16:32:17, 3916, 3707, 63400,  ,  , -2.84, 65.40,  ,  ,  , 2.3
16:32:18, 3918, 3709, 63386,  ,  , -2.83, 65.05,  ,  ,  , 2.3
16:32:19, 3919, 3710, 63372,  ,  , -2.78, 64.70, 14.00,  ,  , 2.3
16:32:20, 3923, 3714, 63346, 14.55, 111.80, -2.80, 64.30,  ,  ,  , 2.3
16:32:21, 3926, 3717, 63320, 14.30, 121.10, -2.75, 63.90,  ,  ,  , 2.4
16:32:22, 3929, 3720, 63294, 14.80, 111.30, -2.75, 63.50,  , 41.420940, 1.995940, 2.4
16:32:23, 3932, 3723, 63274, 14.80, 111.30, -2.67, 62.95,  ,  ,  , 2.4
16:32:24, 3934, 3725, 63254, 14.50, 119.40, -2.69, 62.45,  ,  ,  , 2.4
16:32:25, 3937, 3728, 63234, 14.25, 110.90, -2.71, 61.85,  , 41.420825, 1.996240, 2.5
16:32:33, 3953, 3744, 63104,  ,  , -2.46, 56.05,  ,  ,  , 2.4
16:32:34, 3955, 3746, 63088,  ,  , -2.45, 54.95,  ,  ,  , 2.3
16:32:41, 3910, 3701, 63443,  ,  , -3.34, 51.30,  ,  ,  , -1.6
16:32:42, 3904, 3695, 63493,  ,  , -3.48, 51.65,  ,  ,  , -1.9
16:32:43, 3898, 3689, 63544,  ,  , -3.61, 52.15,  ,  ,  , -2.2
16:32:53, 3828, 3619, 64102, 10.05, 131.30, -4.87, 62.75,  ,  ,  , -6.7
16:32:54, 3821, 3612, 64159, 10.65, 130.70, -4.90, 64.00,  ,  ,  , -6.9
16:32:55, 3814, 3605, 64216, 10.25, 130.60, -4.93, 65.25,  , 41.419003, 2.000440, -7.0
16:33:34, 3535, 3326, 66502, 9.45, 138.80, -3.46, 84.15,  , 41.416343, 2.003932, -7.1
